rk,player,age,team,pos,g,gs,qbrec,cmp,att,cmp%,yds,td,td%,int,int%,1d,succ%,lng,y/a,ay/a,y/c,y/g,rate,qbr,sk,yds.1,sk%,ny/a,any/a,4qc,gwd,awards,season
1.0,Tua Tagovailoa,25.0,MIA,QB,17.0,17.0,11/6/2000,388.0,560.0,69.3,4624.0,29.0,5.2,14.0,2.5,222.0,50.8,78.0,8.3,8.17,11.9,272.0,101.1,61.5,29.0,171.0,4.92,7.56,7.48,2.0,2.0,"PB,AP CPoY-5",2023
2.0,Jared Goff,29.0,DET,QB,17.0,17.0,12/5/2000,407.0,605.0,67.3,4575.0,30.0,5.0,12.0,2.0,227.0,50.9,70.0,7.6,7.66,11.2,269.1,97.9,61.1,30.0,197.0,4.72,6.89,6.99,2.0,3.0,,2023
3.0,Dak Prescott,30.0,DAL,QB,17.0,17.0,12/5/2000,410.0,590.0,69.5,4516.0,36.0,6.1,9.0,1.5,222.0,51.5,92.0,7.7,8.19,11.0,265.6,105.9,73.4,39.0,255.0,6.2,6.77,7.28,2.0,3.0,"PB,AP-2,AP MVP-2,AP OPoY-5",2023
4.0,Josh Allen,27.0,BUF,QB,17.0,17.0,11/6/2000,385.0,579.0,66.5,4306.0,29.0,5.0,18.0,3.1,199.0,50.7,81.0,7.4,7.04,11.2,253.3,92.2,70.3,24.0,152.0,3.98,6.89,6.51,2.0,4.0,"AP MVP-5,AP OPoY-6",2023
5.0,Brock Purdy,24.0,SFO,QB,16.0,16.0,12/4/2000,308.0,444.0,69.4,4280.0,31.0,7.0,11.0,2.5,192.0,54.7,76.0,9.6,9.92,13.9,267.5,113.0,73.4,28.0,153.0,5.93,8.74,9.01,0.0,0.0,"PB,AP MVP-4,AP OPoY-6,AP CPoY-6",2023
6.0,Patrick Mahomes,28.0,KAN,QB,16.0,16.0,10/6/2000,401.0,597.0,67.2,4183.0,27.0,4.5,14.0,2.3,206.0,48.2,67.0,7.0,6.86,10.4,261.4,92.6,63.9,27.0,186.0,4.33,6.41,6.26,1.0,2.0,"PB,AP MVP-7",2023
7.0,Jordan Love,25.0,GNB,QB,17.0,17.0,9/8/2000,372.0,579.0,64.2,4159.0,32.0,5.5,11.0,1.9,209.0,47.6,77.0,7.2,7.43,11.2,244.6,96.1,62.9,30.0,242.0,4.93,6.43,6.67,2.0,3.0,,2023
8.0,C.J. Stroud,22.0,HOU,QB,15.0,15.0,9/6/2000,319.0,499.0,63.9,4108.0,23.0,4.6,5.0,1.0,188.0,46.7,75.0,8.2,8.7,12.9,273.9,100.8,58.3,38.0,331.0,7.08,7.03,7.47,1.0,3.0,"PB,AP MVP-8,AP ORoY-1",2023
9.0,Baker Mayfield,28.0,TAM,QB,17.0,17.0,9/8/2000,364.0,566.0,64.3,4044.0,28.0,4.9,10.0,1.8,188.0,44.7,75.0,7.1,7.34,11.1,237.9,94.6,55.1,40.0,232.0,6.6,6.29,6.47,1.0,2.0,"PB,AP CPoY-3",2023
10.0,Trevor Lawrence,24.0,JAX,QB,16.0,16.0,8/8/2000,370.0,564.0,65.6,4016.0,21.0,3.7,14.0,2.5,179.0,46.4,65.0,7.1,6.75,10.9,251.0,88.5,56.9,35.0,224.0,5.84,6.33,5.98,1.0,2.0,,2023
11.0,Matthew Stafford,35.0,LAR,QB,15.0,15.0,9/6/2000,326.0,521.0,62.6,3965.0,24.0,4.6,11.0,2.1,187.0,47.5,80.0,7.6,7.58,12.2,264.3,92.5,64.2,30.0,205.0,5.44,6.82,6.8,1.0,2.0,"PB,AP MVP-8,AP CPoY-4",2023
12.0,Sam Howell,23.0,WAS,QB,17.0,17.0,4/13/2000,388.0,612.0,63.4,3946.0,21.0,3.4,21.0,3.4,180.0,42.7,51.0,6.4,5.59,10.2,232.1,78.9,43.2,65.0,449.0,9.6,5.17,4.39,2.0,2.0,,2023
13.0,Derek Carr,32.0,NOR,QB,17.0,17.0,9/8/2000,375.0,548.0,68.4,3878.0,25.0,4.6,8.0,1.5,185.0,46.8,58.0,7.1,7.33,10.3,228.1,97.7,57.3,31.0,218.0,5.35,6.32,6.56,0.0,1.0,,2023
14.0,Jalen Hurts,25.0,PHI,QB,17.0,17.0,11/6/2000,352.0,538.0,65.4,3858.0,23.0,4.3,15.0,2.8,185.0,46.7,63.0,7.2,6.77,11.0,226.9,89.1,60.9,36.0,222.0,6.27,6.33,5.96,3.0,4.0,PB,2023
15.0,Lamar Jackson,26.0,BAL,QB,16.0,16.0,13-3-0,307.0,457.0,67.2,3678.0,24.0,5.3,7.0,1.5,167.0,48.2,80.0,8.0,8.41,12.0,229.9,102.7,65.4,37.0,218.0,7.49,7.0,7.34,1.0,0.0,"PB,AP-1,AP MVP-1,AP OPoY-4,AP CPoY-9",2023
16.0,Geno Smith,33.0,SEA,QB,15.0,15.0,8/7/2000,323.0,499.0,64.7,3624.0,20.0,4.0,9.0,1.8,169.0,47.2,73.0,7.3,7.25,11.2,241.6,92.1,60.3,31.0,231.0,5.85,6.4,6.39,4.0,5.0,PB,2023
17.0,Gardner Minshew II,27.0,IND,QB,17.0,13.0,7/6/2000,305.0,490.0,62.2,3305.0,15.0,3.1,9.0,1.8,147.0,41.2,75.0,6.7,6.53,10.8,194.4,84.6,60.4,34.0,187.0,6.49,5.95,5.75,2.0,2.0,PB,2023
18.0,Justin Herbert,25.0,LAC,QB,13.0,13.0,5/8/2000,297.0,456.0,65.1,3134.0,20.0,4.4,7.0,1.5,150.0,46.2,60.0,6.9,7.06,10.6,241.1,93.2,64.8,29.0,233.0,5.98,5.98,6.16,1.0,1.0,,2023
19.0,Russell Wilson,35.0,DEN,QB,15.0,15.0,7/8/2000,297.0,447.0,66.4,3070.0,26.0,5.8,8.0,1.8,135.0,43.3,60.0,6.9,7.23,10.3,204.7,98.0,51.5,45.0,258.0,9.15,5.72,6.04,4.0,4.0,,2023
20.0,Bryce Young,22.0,CAR,QB,16.0,16.0,2/14/2000,315.0,527.0,59.8,2877.0,11.0,2.1,10.0,1.9,133.0,36.5,48.0,5.5,5.02,9.1,179.8,73.7,34.1,62.0,477.0,10.53,4.07,3.68,2.0,2.0,,2023
21.0,Desmond Ridder,24.0,ATL,QB,15.0,13.0,6/7/2000,249.0,388.0,64.2,2836.0,12.0,3.1,12.0,3.1,136.0,45.3,71.0,7.3,6.54,11.4,189.1,83.4,40.8,31.0,197.0,7.4,6.3,5.58,2.0,4.0,,2023
22.0,Justin Fields,24.0,CHI,QB,13.0,13.0,5/8/2000,227.0,370.0,61.4,2562.0,16.0,4.3,9.0,2.4,121.0,38.4,58.0,6.9,6.69,11.3,197.1,86.3,46.9,44.0,285.0,10.63,5.5,5.29,1.0,1.0,,2023
23.0,Joshua Dobbs,28.0,2TM,QB,13.0,12.0,3/9/2000,262.0,417.0,62.8,2464.0,13.0,3.1,10.0,2.4,126.0,41.6,69.0,5.9,5.45,9.4,189.5,79.5,,30.0,217.0,6.71,5.03,4.6,1.0,1.0,,2023
23.0,Joshua Dobbs,28.0,ARI,QB,8.0,8.0,1/7/2000,167.0,266.0,62.8,1569.0,8.0,3.0,5.0,1.9,82.0,42.0,69.0,5.9,5.65,9.4,196.1,81.2,,17.0,126.0,6.01,5.1,4.87,0.0,0.0,,2023
23.0,Joshua Dobbs,28.0,MIN,QB,5.0,4.0,2/2/2000,95.0,151.0,62.9,895.0,5.0,3.3,5.0,3.3,44.0,40.9,29.0,5.9,5.1,9.4,179.0,76.4,,13.0,91.0,7.93,4.9,4.14,1.0,1.0,,2023
24.0,Kirk Cousins,35.0,MIN,QB,8.0,8.0,4/4/2000,216.0,311.0,69.5,2331.0,18.0,5.8,5.0,1.6,112.0,46.6,62.0,7.5,7.93,10.8,291.4,103.8,64.0,17.0,110.0,5.18,6.77,7.18,0.0,0.0,,2023
25.0,Joe Burrow,27.0,CIN,QB,10.0,10.0,5/5/2000,244.0,365.0,66.8,2309.0,15.0,4.1,6.0,1.6,115.0,46.0,64.0,6.3,6.41,9.5,230.9,91.0,52.4,24.0,180.0,6.17,5.47,5.55,0.0,0.0,,2023
26.0,Zach Wilson,24.0,NYJ,QB,12.0,11.0,4/7/2000,221.0,368.0,60.1,2271.0,8.0,2.2,7.0,1.9,104.0,36.5,68.0,6.2,5.75,10.3,189.3,77.2,31.3,46.0,340.0,11.11,4.66,4.29,3.0,2.0,,2023
27.0,Aidan O'Connell,25.0,LVR,QB,11.0,10.0,5/5/2000,213.0,343.0,62.1,2218.0,12.0,3.5,7.0,2.0,107.0,43.6,50.0,6.5,6.25,10.4,201.6,83.9,41.3,24.0,173.0,6.54,5.57,5.37,0.0,1.0,,2023
28.0,Mac Jones,25.0,NWE,QB,11.0,11.0,2/9/2000,224.0,345.0,64.9,2120.0,10.0,2.9,12.0,3.5,100.0,43.3,58.0,6.1,5.16,9.5,192.7,77.0,37.5,22.0,127.0,5.99,5.43,4.5,1.0,1.0,,2023
29.0,Kenny Pickett,25.0,PIT,QB,12.0,12.0,7/5/2000,201.0,324.0,62.0,2070.0,6.0,1.9,4.0,1.2,91.0,40.3,72.0,6.4,6.2,10.3,172.5,81.4,38.9,23.0,173.0,6.63,5.47,5.29,3.0,3.0,,2023
30.0,Jake Browning,27.0,CIN,QB,9.0,7.0,4/3/2000,171.0,243.0,70.4,1936.0,12.0,4.9,7.0,2.9,93.0,48.3,80.0,8.0,7.66,11.3,215.1,98.4,60.8,24.0,169.0,8.99,6.62,6.34,2.0,2.0,,2023
31.0,Will Levis,24.0,TEN,QB,9.0,9.0,3/6/2000,149.0,255.0,58.4,1808.0,8.0,3.1,4.0,1.6,81.0,37.1,61.0,7.1,7.01,12.1,200.9,84.2,34.0,28.0,185.0,9.89,5.73,5.66,1.0,1.0,,2023
32.0,Kyler Murray,26.0,ARI,QB,8.0,8.0,3/5/2000,176.0,268.0,65.7,1799.0,10.0,3.7,5.0,1.9,88.0,43.7,48.0,6.7,6.62,10.2,224.9,89.4,48.0,18.0,119.0,6.29,5.87,5.79,2.0,2.0,AP CPoY-9,2023
33.0,Joe Flacco,38.0,CLE,QB,5.0,5.0,4/1/2000,123.0,204.0,60.3,1616.0,13.0,6.4,8.0,3.9,60.0,46.7,75.0,7.9,7.43,13.1,323.2,90.2,49.1,8.0,57.0,3.77,7.35,6.88,1.0,1.0,AP CPoY-1,2023
34.0,Ryan Tannehill,35.0,TEN,QB,10.0,8.0,3/5/2000,149.0,230.0,64.8,1616.0,4.0,1.7,7.0,3.0,74.0,40.8,70.0,7.0,6.0,10.8,161.6,78.5,35.8,32.0,230.0,12.21,5.29,4.39,1.0,1.0,,2023
35.0,Tyrod Taylor,34.0,NYG,QB,11.0,5.0,2/3/2000,116.0,180.0,64.4,1341.0,5.0,2.8,3.0,1.7,52.0,43.7,80.0,7.5,7.26,11.6,121.9,89.1,48.6,17.0,94.0,8.63,6.33,6.15,0.0,0.0,,2023
36.0,Nick Mullens,28.0,MIN,QB,5.0,3.0,0-3-0,100.0,148.0,67.6,1306.0,7.0,4.7,8.0,5.4,57.0,47.5,47.0,8.8,7.34,13.1,261.2,88.4,50.6,12.0,105.0,7.5,7.51,6.13,0.0,1.0,,2023
37.0,Bailey Zappe,24.0,NWE,QB,10.0,6.0,2/4/2000,127.0,212.0,59.9,1272.0,6.0,2.8,9.0,4.2,53.0,34.2,48.0,6.0,4.66,10.0,127.2,68.7,23.9,25.0,191.0,10.55,4.56,3.36,0.0,1.0,,2023
38.0,Jimmy Garoppolo,32.0,LVR,QB,7.0,6.0,3/3/2000,110.0,169.0,65.1,1205.0,7.0,4.1,9.0,5.3,60.0,47.5,32.0,7.1,5.56,11.0,172.1,77.7,34.7,14.0,101.0,7.65,6.03,4.58,2.0,2.0,,2023
39.0,Easton Stick,28.0,LAC,QB,5.0,4.0,0-4-0,111.0,174.0,63.8,1129.0,3.0,1.7,1.0,0.6,53.0,43.1,79.0,6.5,6.57,10.2,225.8,85.6,51.8,14.0,122.0,7.45,5.36,5.44,0.0,0.0,,2023
40.0,Deshaun Watson,28.0,CLE,QB,6.0,6.0,5/1/2000,105.0,171.0,61.4,1115.0,7.0,4.1,4.0,2.3,52.0,38.3,59.0,6.5,6.29,10.6,185.8,84.3,43.7,17.0,85.0,9.04,5.48,5.27,1.0,1.0,,2023
41.0,Tommy DeVito,25.0,NYG,QB,9.0,6.0,3/3/2000,114.0,178.0,64.0,1101.0,8.0,4.5,3.0,1.7,46.0,32.1,41.0,6.2,6.33,9.7,122.3,89.2,24.3,37.0,196.0,17.21,4.21,4.33,1.0,2.0,,2023
42.0,Daniel Jones,26.0,NYG,QB,6.0,6.0,1/5/2000,108.0,160.0,67.5,909.0,2.0,1.3,6.0,3.8,43.0,37.4,58.0,5.7,4.24,8.4,151.5,70.5,37.1,30.0,167.0,15.79,3.91,2.69,1.0,1.0,,2023
43.0,Taylor Heinicke,30.0,ATL,QB,5.0,4.0,1/3/2000,74.0,136.0,54.4,890.0,5.0,3.7,4.0,2.9,41.0,40.3,75.0,6.5,5.96,12.0,178.0,74.7,48.5,8.0,47.0,5.56,5.85,5.3,0.0,0.0,,2023
44.0,Tyson Bagent,23.0,CHI,QB,5.0,4.0,2/2/2000,94.0,143.0,65.7,859.0,3.0,2.1,6.0,4.2,48.0,52.0,41.0,6.0,4.54,9.1,171.8,71.4,52.6,5.0,35.0,3.38,5.57,4.15,0.0,0.0,,2023
45.0,Trevor Siemian,32.0,NYJ,QB,5.0,3.0,2/1/2000,86.0,153.0,56.2,724.0,2.0,1.3,4.0,2.6,35.0,34.2,30.0,4.7,3.82,8.4,144.8,62.1,14.8,8.0,40.0,4.97,4.25,3.38,1.0,1.0,,2023
46.0,Mason Rudolph,28.0,PIT,QB,4.0,3.0,3-0-0,55.0,74.0,74.3,719.0,3.0,4.1,0.0,0.0,26.0,47.5,86.0,9.7,10.53,13.1,179.8,118.0,71.3,6.0,43.0,7.5,8.45,9.2,0.0,1.0,,2023
47.0,P.J. Walker,28.0,CLE,QB,6.0,2.0,1/1/2000,54.0,111.0,48.6,674.0,1.0,0.9,5.0,4.5,27.0,32.8,58.0,6.1,4.23,12.5,112.3,52.2,19.1,11.0,90.0,9.02,4.79,3.11,2.0,2.0,,2023
48.0,Mitchell Trubisky,29.0,PIT,QB,5.0,2.0,0-2-0,67.0,107.0,62.6,632.0,4.0,3.7,5.0,4.7,36.0,50.0,26.0,5.9,4.55,9.4,126.4,71.9,35.3,7.0,42.0,6.14,5.18,3.9,0.0,0.0,,2023
49.0,Anthony Richardson,21.0,IND,QB,4.0,4.0,2/2/2000,50.0,84.0,59.5,577.0,3.0,3.6,1.0,1.2,31.0,44.0,39.0,6.9,7.05,11.5,144.3,87.3,45.0,7.0,29.0,7.69,6.02,6.19,0.0,0.0,,2023
50.0,Drew Lock,27.0,SEA,QB,4.0,2.0,1/1/2000,48.0,76.0,63.2,543.0,3.0,3.9,3.0,3.9,20.0,40.2,51.0,7.1,6.16,11.3,135.8,81.2,44.9,6.0,26.0,7.32,6.3,5.39,1.0,1.0,,2023
51.0,Jarrett Stidham,27.0,DEN,QB,3.0,2.0,1/1/2000,40.0,66.0,60.6,496.0,2.0,3.0,1.0,1.5,19.0,45.2,54.0,7.5,7.44,12.4,165.3,87.7,31.8,7.0,46.0,9.59,6.16,6.1,0.0,0.0,,2023
52.0,Dorian Thompson-Robinson,24.0,CLE,QB,8.0,3.0,1/2/2000,60.0,112.0,53.6,440.0,1.0,0.9,4.0,3.6,26.0,35.6,23.0,3.9,2.5,7.3,55.0,51.2,35.1,6.0,60.0,5.08,3.22,1.86,0.0,1.0,,2023
53.0,Andy Dalton,36.0,CAR,QB,3.0,1.0,0-1-0,34.0,58.0,58.6,361.0,2.0,3.4,0.0,0.0,17.0,42.6,47.0,6.2,6.91,10.6,120.3,88.4,49.2,3.0,27.0,4.92,5.48,6.13,0.0,0.0,,2023
54.0,Tim Boyle,29.0,NYJ,QB,3.0,2.0,0-2-0,48.0,77.0,62.3,360.0,1.0,1.3,4.0,5.2,16.0,29.1,36.0,4.7,2.6,7.5,120.0,56.2,11.2,9.0,64.0,10.47,3.44,1.58,0.0,0.0,,2023
55.0,C.J. Beathard,30.0,JAX,QB,7.0,1.0,1-0-0,40.0,53.0,75.5,349.0,1.0,1.9,0.0,0.0,19.0,47.5,48.0,6.6,6.96,8.7,49.9,98.7,56.0,6.0,27.0,10.17,5.46,5.8,0.0,0.0,,2023
56.0,Sam Darnold,26.0,SFO,QB,10.0,1.0,0-1-0,28.0,46.0,60.9,297.0,2.0,4.3,1.0,2.2,15.0,46.2,48.0,6.5,6.35,10.6,29.7,85.1,50.1,6.0,40.0,11.54,4.94,4.85,0.0,0.0,,2023
57.0,Case Keenum,35.0,HOU,QB,2.0,2.0,1/1/2000,34.0,53.0,64.2,291.0,1.0,1.9,3.0,5.7,14.0,40.7,41.0,5.5,3.32,8.6,145.5,61.1,21.7,6.0,60.0,10.17,3.92,1.97,1.0,1.0,,2023
58.0,Jameis Winston,29.0,NOR,QB,7.0,0.0,,25.0,47.0,53.2,264.0,2.0,4.3,3.0,6.4,10.0,32.7,30.0,5.6,3.6,10.6,37.7,57.4,36.4,2.0,13.0,4.08,5.12,3.18,0.0,0.0,,2023
59.0,Brian Hoyer,38.0,LVR,QB,3.0,1.0,0-1-0,23.0,42.0,54.8,231.0,0.0,0.0,2.0,4.8,14.0,44.2,48.0,5.5,3.36,10.0,77.0,50.8,69.6,1.0,8.0,2.33,5.19,3.09,0.0,0.0,,2023
60.0,Jacoby Brissett,31.0,WAS,QB,3.0,0.0,,18.0,23.0,78.3,224.0,3.0,13.0,0.0,0.0,10.0,56.5,48.0,9.7,12.35,12.4,74.7,146.8,95.7,0.0,0.0,0.0,9.74,12.35,0.0,0.0,,2023
61.0,Tyler Huntley,25.0,BAL,QB,5.0,1.0,0-1-0,21.0,37.0,56.8,203.0,3.0,8.1,0.0,0.0,13.0,41.5,27.0,5.5,7.11,9.7,40.6,99.3,57.5,4.0,28.0,9.76,4.27,5.73,0.0,0.0,,2023
62.0,Blaine Gabbert,34.0,KAN,QB,2.0,1.0,1-0-0,18.0,35.0,51.4,185.0,0.0,0.0,3.0,8.6,8.0,30.6,37.0,5.3,1.43,10.3,92.5,31.2,48.0,1.0,9.0,2.78,4.89,1.14,1.0,1.0,,2023
63.0,Davis Mills,25.0,HOU,QB,6.0,0.0,,18.0,39.0,46.2,173.0,2.0,5.1,0.0,0.0,12.0,36.6,19.0,4.4,5.46,9.6,28.8,76.1,49.5,2.0,13.0,4.88,3.9,4.88,0.0,0.0,,2023
64.0,Brett Rypien,27.0,LAR,QB,2.0,1.0,0-1-0,18.0,38.0,47.4,172.0,0.0,0.0,1.0,2.6,8.0,25.0,34.0,4.5,3.34,9.6,86.0,49.5,20.4,2.0,18.0,5.0,3.85,2.73,0.0,0.0,,2023
65.0,Jaren Hall,25.0,MIN,QB,3.0,2.0,1/1/2000,13.0,20.0,65.0,168.0,0.0,0.0,1.0,5.0,7.0,37.5,47.0,8.4,6.15,12.9,56.0,70.4,5.3,4.0,28.0,16.67,5.83,3.96,0.0,0.0,,2023
66.0,Jeff Driskel,30.0,CLE,QB,1.0,1.0,0-1-0,13.0,26.0,50.0,166.0,2.0,7.7,2.0,7.7,8.0,34.5,31.0,6.4,4.46,12.8,166.0,63.9,4.2,3.0,26.0,10.34,4.83,3.1,0.0,0.0,,2023
67.0,Marcus Mariota,30.0,PHI,QB,3.0,0.0,,15.0,23.0,65.2,164.0,1.0,4.3,1.0,4.3,10.0,53.8,22.0,7.1,6.04,10.9,54.7,82.5,60.7,3.0,11.0,11.54,5.88,4.92,0.0,0.0,,2023
68.0,Carson Wentz,31.0,LAR,QB,2.0,1.0,1-0-0,17.0,24.0,70.8,163.0,2.0,8.3,1.0,4.2,11.0,57.7,29.0,6.8,6.58,9.6,81.5,99.8,90.2,2.0,14.0,7.69,5.73,5.54,1.0,1.0,,2023
69.0,Cooper Rush,30.0,DAL,QB,7.0,0.0,,18.0,24.0,75.0,144.0,0.0,0.0,1.0,4.2,7.0,52.0,29.0,6.0,4.13,8.0,20.6,72.2,52.9,1.0,8.0,4.0,5.44,3.64,0.0,0.0,,2023
70.0,Taysom Hill,33.0,NOR,TE/QB,16.0,7.0,,6.0,11.0,54.5,83.0,1.0,9.1,0.0,0.0,4.0,46.2,44.0,7.5,9.36,13.8,5.2,109.3,50.8,2.0,4.0,15.38,6.08,7.62,0.0,1.0,,2023
71.0,Mike White,28.0,MIA,QB,6.0,0.0,,5.0,6.0,83.3,74.0,1.0,16.7,1.0,16.7,1.0,16.7,68.0,12.3,8.17,14.8,12.3,118.1,0.1,0.0,0.0,0.0,12.33,8.17,0.0,0.0,,2023
72.0,Malik Willis,24.0,TEN,QB,3.0,0.0,,4.0,5.0,80.0,74.0,0.0,0.0,0.0,0.0,1.0,44.4,48.0,14.8,14.8,18.5,24.7,118.7,3.1,4.0,30.0,44.44,4.89,4.89,0.0,0.0,,2023
73.0,Clayton Tune,24.0,ARI,QB,7.0,1.0,0-1-0,12.0,21.0,57.1,62.0,0.0,0.0,2.0,9.5,3.0,17.9,14.0,3.0,-1.33,5.2,8.9,22.6,1.2,7.0,41.0,25.0,0.75,-2.46,0.0,0.0,,2023
74.0,Keenan Allen,31.0,LAC,WR,13.0,13.0,,1.0,2.0,50.0,49.0,1.0,50.0,0.0,0.0,1.0,50.0,49.0,24.5,34.5,49.0,3.8,135.4,98.9,0.0,0.0,0.0,24.5,34.5,0.0,0.0,PB,2023
75.0,Sean Clifford,25.0,GNB,QB,2.0,0.0,,1.0,1.0,100.0,37.0,0.0,0.0,0.0,0.0,1.0,100.0,37.0,37.0,37.0,37.0,18.5,118.7,100.0,0.0,0.0,0.0,37.0,37.0,0.0,0.0,,2023
76.0,Jalen Reeves-Maybin,28.0,DET,LB,17.0,0.0,,1.0,1.0,100.0,31.0,0.0,0.0,0.0,0.0,1.0,100.0,31.0,31.0,31.0,31.0,1.8,118.7,,0.0,0.0,0.0,31.0,31.0,0.0,0.0,"PB,AP-2",2023
77.0,Braden Mann,26.0,PHI,P,15.0,0.0,,1.0,1.0,100.0,28.0,0.0,0.0,0.0,0.0,1.0,100.0,28.0,28.0,28.0,28.0,1.9,118.7,,0.0,0.0,0.0,28.0,28.0,0.0,0.0,,2023
78.0,Logan Woodside,28.0,ATL,QB,1.0,0.0,,3.0,4.0,75.0,27.0,0.0,0.0,1.0,25.0,3.0,60.0,12.0,6.8,-4.5,9.0,27.0,53.1,4.6,1.0,7.0,20.0,4.0,-5.0,0.0,0.0,,2023
79.0,Drake London,22.0,ATL,WR,16.0,16.0,,1.0,1.0,100.0,22.0,0.0,0.0,0.0,0.0,1.0,100.0,22.0,22.0,22.0,22.0,1.4,118.7,99.9,0.0,0.0,0.0,22.0,22.0,0.0,0.0,,2023
80.0,A.J. McCarron,33.0,CIN,QB,2.0,0.0,,4.0,5.0,80.0,19.0,0.0,0.0,0.0,0.0,0.0,,10.0,3.8,3.8,4.8,9.5,82.5,1.7,1.0,9.0,16.67,1.67,1.67,0.0,0.0,,2023
81.0,Thomas Morstead,37.0,NYJ,P,17.0,0.0,,1.0,1.0,100.0,18.0,0.0,0.0,0.0,0.0,1.0,100.0,18.0,18.0,18.0,18.0,1.1,118.7,,0.0,0.0,0.0,18.0,18.0,0.0,0.0,,2023
82.0,Kenneth Gainwell,24.0,PHI,RB,16.0,2.0,,1.0,1.0,100.0,17.0,0.0,0.0,0.0,0.0,1.0,100.0,17.0,17.0,17.0,17.0,1.1,118.7,98.9,0.0,0.0,0.0,17.0,17.0,0.0,0.0,,2023
83.0,Derrick Henry,29.0,TEN,RB,17.0,17.0,,2.0,3.0,66.7,14.0,2.0,66.7,0.0,0.0,2.0,66.7,12.0,4.7,18.0,7.0,0.8,116.7,94.6,0.0,0.0,0.0,4.67,18.0,0.0,0.0,PB,2023
84.0,Dontayvion Wicks,22.0,GNB,WR,15.0,6.0,,1.0,1.0,100.0,14.0,0.0,0.0,0.0,0.0,1.0,100.0,14.0,14.0,14.0,14.0,0.9,118.7,94.4,0.0,0.0,0.0,14.0,14.0,0.0,0.0,,2023
85.0,Logan Cooke,28.0,JAX,P,17.0,0.0,,1.0,1.0,100.0,13.0,0.0,0.0,0.0,0.0,1.0,100.0,13.0,13.0,13.0,13.0,0.8,118.7,,0.0,0.0,0.0,13.0,13.0,0.0,0.0,,2023
86.0,Jakobi Meyers,27.0,LVR,WR,16.0,16.0,,2.0,3.0,66.7,12.0,1.0,33.3,0.0,0.0,1.0,66.7,9.0,4.0,10.67,6.0,0.8,113.9,39.8,0.0,0.0,0.0,4.0,10.67,0.0,0.0,,2023
87.0,Tommy Townsend,27.0,KAN,P,17.0,0.0,,1.0,1.0,100.0,11.0,0.0,0.0,0.0,0.0,1.0,100.0,11.0,11.0,11.0,11.0,0.6,112.5,,0.0,0.0,0.0,11.0,11.0,0.0,0.0,,2023
88.0,Johnny Hekker,33.0,CAR,P,17.0,0.0,,1.0,1.0,100.0,7.0,0.0,0.0,0.0,0.0,0.0,,7.0,7.0,7.0,7.0,0.4,95.8,,0.0,0.0,0.0,7.0,7.0,0.0,0.0,,2023
89.0,Devin Singletary,26.0,HOU,RB,17.0,10.0,,1.0,1.0,100.0,6.0,1.0,100.0,0.0,0.0,1.0,100.0,6.0,6.0,26.0,6.0,0.4,131.2,100.0,0.0,0.0,0.0,6.0,26.0,0.0,0.0,,2023
90.0,Dyami Brown,24.0,WAS,WR,17.0,1.0,,1.0,1.0,100.0,4.0,0.0,0.0,0.0,0.0,0.0,,4.0,4.0,4.0,4.0,0.2,83.3,2.2,0.0,0.0,0.0,4.0,4.0,0.0,0.0,,2023
91.0,Jerick McKinnon,31.0,KAN,RB,12.0,0.0,,1.0,1.0,100.0,4.0,1.0,100.0,0.0,0.0,1.0,100.0,4.0,4.0,24.0,4.0,0.3,122.9,90.1,0.0,0.0,0.0,4.0,24.0,0.0,0.0,,2023
92.0,De'Von Achane,22.0,MIA,RB,11.0,4.0,,0.0,0.0,,0.0,0.0,,0.0,,0.0,,,,,,0.0,,0.1,1.0,6.0,100.0,-6.0,-6.0,0.0,0.0,,2023
93.0,Cam Akers,24.0,MIN,RB,6.0,0.0,,0.0,0.0,,0.0,0.0,,0.0,,0.0,,,,,,0.0,,,1.0,7.0,100.0,-7.0,-7.0,0.0,0.0,,2023
94.0,Tyler Boyd,29.0,CIN,WR,17.0,13.0,,0.0,1.0,0.0,0.0,0.0,0.0,1.0,100.0,0.0,,,0.0,-45.0,,0.0,0.0,0.0,0.0,0.0,0.0,0.0,-45.0,0.0,0.0,,2023
95.0,Parris Campbell,26.0,NYG,WR,12.0,3.0,,0.0,0.0,,0.0,0.0,,0.0,,0.0,,,,,,0.0,,0.0,1.0,8.0,100.0,-8.0,-8.0,0.0,0.0,,2023
96.0,Malik Cunningham,25.0,NWE,QB,1.0,0.0,,0.0,0.0,,0.0,0.0,,0.0,,0.0,,,,,,0.0,,,1.0,5.0,100.0,-5.0,-5.0,0.0,0.0,,2023
97.0,DeeJay Dallas,25.0,SEA,RB,17.0,0.0,,0.0,0.0,,0.0,0.0,,0.0,,0.0,,,,,,0.0,,12.7,1.0,0.0,100.0,0.0,0.0,0.0,0.0,,2023
98.0,Tank Dell,24.0,HOU,WR,11.0,8.0,,0.0,0.0,,0.0,0.0,,0.0,,0.0,,,,,,0.0,,1.1,1.0,1.0,100.0,-1.0,-1.0,0.0,0.0,,2023
99.0,Chris Godwin,27.0,TAM,WR,17.0,17.0,,0.0,1.0,0.0,0.0,0.0,0.0,0.0,0.0,0.0,,,0.0,0.0,,0.0,39.6,0.8,0.0,0.0,0.0,0.0,0.0,0.0,0.0,,2023
100.0,Connor Heyward,24.0,PIT,TE,17.0,7.0,,0.0,1.0,0.0,0.0,0.0,0.0,0.0,0.0,0.0,,,0.0,0.0,,0.0,39.6,7.3,0.0,0.0,0.0,0.0,0.0,0.0,0.0,,2023
101.0,DeAndre Hopkins,31.0,TEN,WR,17.0,16.0,,0.0,1.0,0.0,0.0,0.0,0.0,0.0,0.0,0.0,,,0.0,0.0,,0.0,39.6,17.6,0.0,0.0,0.0,0.0,0.0,0.0,0.0,,2023
102.0,Tanner Hudson,29.0,CIN,TE,12.0,1.0,,0.0,0.0,,0.0,0.0,,0.0,,0.0,,,,,,0.0,,0.0,1.0,4.0,100.0,-4.0,-4.0,0.0,0.0,,2023
103.0,Josh Jacobs,25.0,LVR,RB,13.0,13.0,,0.0,0.0,,0.0,0.0,,0.0,,0.0,,,,,,0.0,,0.2,1.0,4.0,100.0,-4.0,-4.0,0.0,0.0,,2023
104.0,Justin Jefferson,24.0,MIN,WR,10.0,9.0,,0.0,1.0,0.0,0.0,0.0,0.0,0.0,0.0,0.0,,,0.0,0.0,,0.0,39.6,14.6,0.0,0.0,0.0,0.0,0.0,0.0,0.0,,2023
105.0,Nathan Peterman,29.0,CHI,QB,2.0,0.0,,0.0,0.0,,0.0,0.0,,0.0,,0.0,,,,,,0.0,,2.1,1.0,5.0,100.0,-5.0,-5.0,0.0,0.0,,2023
106.0,Aaron Rodgers,40.0,NYJ,QB,1.0,1.0,1-0-0,0.0,1.0,0.0,0.0,0.0,0.0,0.0,0.0,0.0,,,0.0,0.0,,0.0,39.6,2.6,1.0,10.0,50.0,-5.0,-5.0,0.0,0.0,,2023
107.0,Deebo Samuel,27.0,SFO,WR,15.0,15.0,,0.0,1.0,0.0,0.0,0.0,0.0,0.0,0.0,0.0,,,0.0,0.0,,0.0,39.6,4.9,0.0,0.0,0.0,0.0,0.0,0.0,0.0,,2023
108.0,Jonnu Smith,28.0,ATL,TE,17.0,6.0,,0.0,1.0,0.0,0.0,0.0,0.0,0.0,0.0,0.0,,,0.0,0.0,,0.0,39.6,0.8,0.0,0.0,0.0,0.0,0.0,0.0,0.0,,2023
109.0,Amon-Ra St. Brown,24.0,DET,WR,16.0,16.0,,0.0,0.0,,0.0,0.0,,0.0,,0.0,,,,,,0.0,,0.0,1.0,8.0,100.0,-8.0,-8.0,0.0,0.0,"PB,AP-1",2023
110.0,Kadarius Toney,24.0,KAN,WR,13.0,2.0,,0.0,1.0,0.0,0.0,0.0,0.0,0.0,0.0,0.0,,,0.0,0.0,,0.0,39.6,0.4,0.0,0.0,0.0,0.0,0.0,0.0,0.0,,2023
111.0,Kyle Trask,25.0,TAM,QB,2.0,0.0,,0.0,1.0,0.0,0.0,0.0,0.0,0.0,0.0,0.0,,,0.0,0.0,,0.0,39.6,1.2,0.0,0.0,0.0,0.0,0.0,0.0,0.0,,2023
112.0,Cedrick Wilson Jr.,28.0,MIA,WR,15.0,3.0,,0.0,0.0,,0.0,0.0,,0.0,,0.0,,,,,,0.0,,0.1,1.0,7.0,100.0,-7.0,-7.0,0.0,0.0,,2023
113.0,Garrett Wilson,23.0,NYJ,WR,17.0,17.0,,0.0,1.0,0.0,0.0,0.0,0.0,0.0,0.0,0.0,,,0.0,0.0,,0.0,39.6,3.3,0.0,0.0,0.0,0.0,0.0,0.0,0.0,,2023
114.0,Christian Kirk,27.0,JAX,WR,12.0,12.0,,1.0,2.0,50.0,-1.0,0.0,0.0,0.0,0.0,0.0,,,-0.5,-0.5,-1.0,-0.1,56.2,3.2,0.0,0.0,0.0,-0.5,-0.5,0.0,0.0,,2023
115.0,Ja'Marr Chase,23.0,CIN,WR,16.0,16.0,,1.0,1.0,100.0,-7.0,0.0,0.0,0.0,0.0,0.0,,-7.0,-7.0,-7.0,-7.0,-0.4,79.2,1.9,0.0,0.0,0.0,-7.0,-7.0,0.0,0.0,PB,2023
,League Average,,,,,,,,,64.5,,,4.1,,2.3,,44.7,,7.0,6.79,10.9,106.3,89.0,,,,7.15,6.04,5.82,,,,2023
1.0,Joe Burrow,28.0,CIN,QB,17.0,17.0,9/8/2000,460.0,652.0,70.6,4918.0,43.0,6.6,9.0,1.4,253.0,53.6,70.0,7.5,8.24,10.7,289.3,108.5,72.1,48.0,278.0,6.86,6.63,7.28,1.0,2.0,"PB,AP MVP-4,AP OPoY-5,AP CPoY-1",2024
2.0,Jared Goff,30.0,DET,QB,17.0,17.0,15-2-0,390.0,539.0,72.4,4629.0,37.0,6.9,12.0,2.2,236.0,54.7,82.0,8.6,8.96,11.9,272.3,111.8,65.4,31.0,234.0,5.44,7.71,8.06,4.0,4.0,"PB,AP MVP-5,AP OPoY-9",2024
3.0,Baker Mayfield,29.0,TAM,QB,17.0,17.0,10/7/2000,407.0,570.0,71.4,4500.0,41.0,7.2,16.0,2.8,224.0,53.9,57.0,7.9,8.07,11.1,264.7,106.8,58.4,40.0,248.0,6.56,6.97,7.13,2.0,2.0,"PB,AP MVP-11,AP OPoY-11",2024
4.0,Geno Smith,34.0,SEA,QB,17.0,17.0,10/7/2000,407.0,578.0,70.4,4320.0,21.0,3.6,15.0,2.6,209.0,48.4,71.0,7.5,7.03,10.6,254.1,93.2,50.4,50.0,338.0,7.96,6.34,5.93,4.0,4.0,,2024
5.0,Sam Darnold,27.0,MIN,QB,17.0,17.0,14-3-0,361.0,545.0,66.2,4319.0,35.0,6.4,12.0,2.2,207.0,47.7,97.0,7.9,8.22,12.0,254.1,102.5,57.3,48.0,335.0,8.09,6.72,6.99,3.0,5.0,"PB,AP MVP-10,AP CPoY-3",2024
6.0,Lamar Jackson,27.0,BAL,QB,17.0,17.0,12/5/2000,316.0,474.0,66.7,4172.0,41.0,8.6,4.0,0.8,198.0,51.3,84.0,8.8,10.15,13.2,245.4,119.6,74.8,23.0,149.0,4.63,8.09,9.38,2.0,2.0,"PB,AP-1,AP MVP-2,AP OPoY-2",2024
7.0,Patrick Mahomes,29.0,KAN,QB,16.0,16.0,15-1-0,392.0,581.0,67.5,3928.0,26.0,4.5,11.0,1.9,214.0,50.7,54.0,6.8,6.8,10.0,245.5,93.5,64.6,36.0,239.0,5.83,5.98,6.02,5.0,7.0,"AP MVP-6,AP OPoY-17",2024
8.0,Aaron Rodgers,41.0,NYJ,QB,17.0,17.0,5/12/2000,368.0,584.0,63.0,3897.0,28.0,4.8,11.0,1.9,192.0,43.9,71.0,6.7,6.78,10.6,229.2,90.5,44.7,40.0,302.0,6.41,5.76,5.87,2.0,3.0,AP CPoY-7,2024
9.0,Justin Herbert,26.0,LAC,QB,17.0,17.0,11/6/2000,332.0,504.0,65.9,3870.0,23.0,4.6,3.0,0.6,175.0,44.4,66.0,7.7,8.32,11.7,227.6,101.7,61.7,41.0,244.0,7.52,6.65,7.25,1.0,2.0,"AP MVP-9,AP CPoY-12",2024
10.0,Brock Purdy,25.0,SFO,QB,15.0,15.0,6/9/2000,300.0,455.0,65.9,3864.0,20.0,4.4,12.0,2.6,178.0,49.4,76.0,8.5,8.18,12.9,257.6,96.1,64.8,31.0,156.0,6.38,7.63,7.34,1.0,1.0,,2024
11.0,Kyler Murray,27.0,ARI,QB,17.0,17.0,8/9/2000,372.0,541.0,68.8,3851.0,21.0,3.9,11.0,2.0,191.0,51.7,60.0,7.1,6.98,10.4,226.5,93.5,63.4,30.0,220.0,5.25,6.36,6.23,3.0,3.0,AP CPoY-10,2024
12.0,Bo Nix,24.0,DEN,QB,17.0,17.0,10/7/2000,376.0,567.0,66.3,3775.0,29.0,5.1,12.0,2.1,170.0,43.7,93.0,6.7,6.73,10.0,222.1,93.3,53.5,24.0,198.0,4.06,6.05,6.12,3.0,3.0,AP ORoY-3,2024
13.0,Matthew Stafford,36.0,LAR,QB,16.0,16.0,10/6/2000,340.0,517.0,65.8,3762.0,20.0,3.9,8.0,1.5,176.0,50.1,69.0,7.3,7.35,11.1,235.1,93.7,61.5,28.0,213.0,5.14,6.51,6.59,3.0,5.0,,2024
14.0,Josh Allen,28.0,BUF,QB,17.0,17.0,13-4-0,307.0,483.0,63.6,3731.0,28.0,5.8,6.0,1.2,173.0,49.1,64.0,7.7,8.33,12.2,219.5,101.4,74.8,14.0,63.0,2.82,7.38,7.96,0.0,2.0,"PB,AP-2,AP MVP-1,AP OPoY-6",2024
15.0,C.J. Stroud,23.0,HOU,QB,17.0,17.0,10/7/2000,336.0,532.0,63.2,3727.0,20.0,3.8,12.0,2.3,187.0,43.0,67.0,7.0,6.74,11.1,219.2,87.0,46.4,52.0,408.0,8.9,5.68,5.44,1.0,2.0,,2024
16.0,Jayden Daniels,24.0,WAS,QB,17.0,17.0,12/5/2000,331.0,480.0,69.0,3568.0,25.0,5.2,9.0,1.9,170.0,47.1,86.0,7.4,7.63,10.8,209.9,100.1,67.7,47.0,238.0,8.92,6.32,6.5,4.0,4.0,"PB,AP MVP-7,AP OPoY-17,AP ORoY-1",2024
17.0,Caleb Williams,23.0,CHI,QB,17.0,17.0,5/12/2000,351.0,562.0,62.5,3541.0,20.0,3.6,6.0,1.1,171.0,40.3,47.0,6.3,6.53,10.1,208.3,87.8,43.3,68.0,466.0,10.79,4.88,5.09,2.0,1.0,AP ORoY-10,2024
18.0,Kirk Cousins,36.0,ATL,QB,14.0,14.0,7/7/2000,303.0,453.0,66.9,3508.0,18.0,4.0,16.0,3.5,163.0,46.4,60.0,7.7,6.95,11.6,250.6,88.6,47.0,28.0,201.0,5.82,6.88,6.13,3.0,3.0,AP CPoY-13,2024
19.0,Jordan Love,26.0,GNB,QB,15.0,15.0,9/6/2000,268.0,425.0,63.1,3389.0,25.0,5.9,11.0,2.6,151.0,48.3,70.0,8.0,7.99,12.6,225.9,96.7,66.3,14.0,95.0,3.19,7.5,7.51,2.0,2.0,,2024
20.0,Jalen Hurts,26.0,PHI,QB,15.0,15.0,12/3/2000,248.0,361.0,68.7,2903.0,18.0,5.0,5.0,1.4,139.0,46.6,67.0,8.0,8.42,11.7,193.5,103.7,62.5,38.0,271.0,9.52,6.6,6.93,3.0,4.0,,2024
21.0,Tua Tagovailoa,26.0,MIA,QB,11.0,11.0,6/5/2000,291.0,399.0,72.9,2867.0,19.0,4.8,7.0,1.8,161.0,51.9,80.0,7.2,7.35,9.9,260.6,101.4,57.1,21.0,154.0,5.0,6.46,6.61,2.0,2.0,,2024
22.0,Russell Wilson,36.0,PIT,QB,11.0,11.0,6/5/2000,214.0,336.0,63.7,2482.0,16.0,4.8,5.0,1.5,112.0,43.6,46.0,7.4,7.67,11.6,225.6,95.6,47.9,33.0,219.0,8.94,6.13,6.39,1.0,1.0,"PB,AP CPoY-14",2024
23.0,Bryce Young,23.0,CAR,QB,14.0,12.0,4/8/2000,234.0,384.0,60.9,2403.0,15.0,3.9,9.0,2.3,117.0,39.0,83.0,6.3,5.98,10.3,171.6,82.2,50.7,29.0,186.0,7.02,5.37,5.11,1.0,4.0,,2024
24.0,Drake Maye,22.0,NWE,QB,13.0,12.0,3/9/2000,225.0,338.0,66.6,2276.0,15.0,4.4,10.0,3.0,112.0,46.0,40.0,6.7,6.29,10.1,175.1,88.1,55.2,34.0,229.0,9.14,5.5,5.1,0.0,0.0,"PB,AP ORoY-8",2024
25.0,Derek Carr,33.0,NOR,QB,10.0,10.0,5/5/2000,189.0,279.0,67.7,2145.0,15.0,5.4,5.0,1.8,93.0,45.3,71.0,7.7,7.96,11.3,214.5,101.0,60.2,8.0,48.0,2.79,7.31,7.57,0.0,1.0,,2024
26.0,Jameis Winston,30.0,CLE,QB,12.0,7.0,2/5/2000,181.0,296.0,61.1,2121.0,13.0,4.4,12.0,4.1,103.0,44.1,89.0,7.2,6.22,11.7,176.8,80.6,52.2,24.0,130.0,7.5,6.22,5.35,2.0,2.0,,2024
27.0,Will Levis,25.0,TEN,QB,12.0,12.0,2/10/2000,190.0,301.0,63.1,2091.0,13.0,4.3,12.0,4.0,86.0,36.5,98.0,6.9,6.02,11.0,174.3,81.4,25.2,41.0,233.0,11.99,5.43,4.61,1.0,1.0,,2024
28.0,Daniel Jones,27.0,NYG,QB,10.0,10.0,2/8/2000,216.0,341.0,63.3,2070.0,8.0,2.3,7.0,2.1,106.0,43.0,43.0,6.1,5.62,9.6,207.0,79.4,44.4,29.0,172.0,7.84,5.13,4.71,0.0,0.0,,2024
29.0,Trevor Lawrence,25.0,JAX,QB,10.0,10.0,2/8/2000,172.0,284.0,60.6,2045.0,11.0,3.9,7.0,2.5,97.0,45.4,85.0,7.2,6.87,11.9,204.5,85.2,56.1,18.0,140.0,5.96,6.31,5.99,0.0,1.0,,2024
30.0,Gardner Minshew II,28.0,LVR,QB,10.0,9.0,2/7/2000,203.0,306.0,66.3,2013.0,9.0,2.9,10.0,3.3,106.0,44.2,57.0,6.6,5.7,9.9,201.3,81.0,35.0,29.0,164.0,8.66,5.52,4.71,1.0,1.0,,2024
31.0,Dak Prescott,31.0,DAL,QB,8.0,8.0,3/5/2000,185.0,286.0,64.7,1978.0,11.0,3.8,8.0,2.8,87.0,45.3,65.0,6.9,6.43,10.7,247.3,86.0,41.9,21.0,112.0,6.84,6.08,5.62,1.0,1.0,,2024
32.0,Cooper Rush,31.0,DAL,QB,12.0,8.0,4/4/2000,187.0,308.0,60.7,1844.0,12.0,3.9,5.0,1.6,92.0,42.4,64.0,6.0,6.04,9.9,153.7,83.8,37.8,13.0,95.0,4.05,5.45,5.5,0.0,0.0,,2024
33.0,Anthony Richardson,22.0,IND,QB,11.0,11.0,6/5/2000,126.0,264.0,47.7,1814.0,8.0,3.0,12.0,4.5,73.0,36.0,69.0,6.9,5.43,14.4,164.9,61.6,47.4,14.0,115.0,5.04,6.11,4.74,2.0,3.0,AP CPoY-25,2024
34.0,Joe Flacco,39.0,IND,QB,8.0,6.0,2/4/2000,162.0,248.0,65.3,1761.0,12.0,4.8,7.0,2.8,87.0,46.2,65.0,7.1,6.8,10.9,220.1,90.5,50.0,18.0,123.0,6.77,6.16,5.88,1.0,2.0,,2024
35.0,Mac Jones,26.0,JAX,QB,10.0,7.0,2/5/2000,171.0,262.0,65.3,1672.0,8.0,3.1,8.0,3.1,77.0,42.8,62.0,6.4,5.62,9.8,167.2,80.5,36.6,14.0,100.0,5.07,5.7,4.97,1.0,1.0,,2024
36.0,Aidan O'Connell,26.0,LVR,QB,9.0,7.0,2/5/2000,154.0,243.0,63.4,1612.0,8.0,3.3,4.0,1.6,78.0,47.8,58.0,6.6,6.55,10.5,179.1,86.7,46.0,10.0,82.0,3.95,6.05,5.97,1.0,1.0,,2024
37.0,Mason Rudolph,29.0,TEN,QB,8.0,5.0,1/4/2000,146.0,228.0,64.0,1530.0,9.0,3.9,9.0,3.9,78.0,49.0,47.0,6.7,5.72,10.5,191.3,80.1,52.2,11.0,71.0,4.6,6.1,5.16,0.0,1.0,,2024
38.0,Spencer Rattler,24.0,NOR,QB,7.0,6.0,0-6-0,130.0,228.0,57.0,1317.0,4.0,1.8,5.0,2.2,62.0,34.8,41.0,5.8,5.14,10.1,188.1,70.4,37.1,22.0,136.0,8.8,4.72,4.14,0.0,0.0,,2024
39.0,Deshaun Watson,29.0,CLE,QB,7.0,7.0,1/6/2000,137.0,216.0,63.4,1148.0,5.0,2.3,3.0,1.4,49.0,33.3,35.0,5.3,5.15,8.4,164.0,79.0,21.0,33.0,191.0,13.25,3.84,3.7,0.0,0.0,,2024
40.0,Justin Fields,25.0,PIT,QB,10.0,6.0,4/2/2000,106.0,161.0,65.8,1106.0,5.0,3.1,1.0,0.6,45.0,42.9,55.0,6.9,7.21,10.4,110.6,93.3,47.4,16.0,124.0,9.04,5.55,5.86,0.0,1.0,,2024
41.0,Drew Lock,28.0,NYG,QB,8.0,5.0,1/4/2000,107.0,181.0,59.1,1071.0,6.0,3.3,5.0,2.8,45.0,39.9,59.0,5.9,5.34,10.0,133.9,75.5,43.0,12.0,88.0,6.22,5.09,4.55,0.0,0.0,,2024
42.0,Andy Dalton,37.0,CAR,QB,6.0,5.0,1/4/2000,106.0,160.0,66.3,989.0,7.0,4.4,6.0,3.8,50.0,40.7,39.0,6.2,5.37,9.3,164.8,82.0,52.0,7.0,37.0,4.19,5.7,4.92,0.0,0.0,,2024
43.0,Tyler Huntley,26.0,MIA,QB,5.0,5.0,2/3/2000,86.0,133.0,64.7,829.0,3.0,2.3,3.0,2.3,45.0,40.5,25.0,6.2,5.67,9.6,165.8,80.1,32.2,15.0,92.0,10.14,4.98,4.47,1.0,1.0,,2024
44.0,Jacoby Brissett,32.0,NWE,QB,8.0,5.0,1/4/2000,95.0,161.0,59.0,826.0,2.0,1.2,1.0,0.6,41.0,35.8,50.0,5.1,5.1,8.7,103.3,74.2,41.5,18.0,119.0,10.06,3.95,3.92,1.0,1.0,,2024
45.0,Michael Penix,24.0,ATL,QB,5.0,3.0,1/2/2000,61.0,105.0,58.1,775.0,3.0,2.9,3.0,2.9,35.0,42.2,42.0,7.4,6.67,12.7,155.0,78.9,47.6,4.0,14.0,3.67,6.98,6.29,0.0,0.0,,2024
46.0,Malik Willis,25.0,GNB,QB,7.0,2.0,2-0-0,40.0,54.0,74.1,550.0,3.0,5.6,0.0,0.0,20.0,37.1,51.0,10.2,11.3,13.8,78.6,124.8,77.3,8.0,37.0,12.9,8.27,9.24,0.0,1.0,,2024
47.0,Desmond Ridder,25.0,LVR,QB,6.0,1.0,0-1-0,52.0,85.0,61.2,458.0,2.0,2.4,2.0,2.4,24.0,42.1,28.0,5.4,4.8,8.8,76.3,73.6,25.3,10.0,64.0,10.53,4.15,3.62,0.0,0.0,,2024
48.0,Dorian Thompson-Robinson,25.0,CLE,QB,7.0,2.0,0-2-0,61.0,118.0,51.7,440.0,0.0,0.0,6.0,5.1,20.0,27.8,29.0,3.7,1.44,7.2,62.9,39.5,17.3,8.0,47.0,6.35,3.12,0.98,0.0,0.0,,2024
49.0,Marcus Mariota,31.0,WAS,QB,3.0,0.0,,34.0,44.0,77.3,364.0,4.0,9.1,0.0,0.0,22.0,55.3,29.0,8.3,10.09,10.7,121.3,131.2,86.3,3.0,29.0,6.38,7.13,8.83,1.0,1.0,,2024
50.0,Joshua Dobbs,29.0,SFO,QB,2.0,1.0,0-1-0,32.0,47.0,68.1,361.0,2.0,4.3,2.0,4.3,18.0,55.1,36.0,7.7,6.62,11.3,180.5,87.3,34.2,2.0,28.0,4.08,6.8,5.78,0.0,0.0,,2024
51.0,Jimmy Garoppolo,33.0,LAR,QB,1.0,1.0,0-1-0,27.0,41.0,65.9,334.0,2.0,4.9,1.0,2.4,16.0,50.0,50.0,8.1,8.02,12.4,334.0,97.0,44.9,3.0,15.0,6.82,7.25,7.14,0.0,0.0,,2024
52.0,Tanner McKee,24.0,PHI,QB,2.0,1.0,1-0-0,30.0,45.0,66.7,323.0,4.0,8.9,0.0,0.0,17.0,48.9,25.0,7.2,8.96,10.8,161.5,117.2,65.5,2.0,17.0,4.26,6.51,8.21,0.0,0.0,,2024
53.0,Kenny Pickett,26.0,PHI,QB,5.0,1.0,1-0-0,25.0,42.0,59.5,291.0,2.0,4.8,1.0,2.4,12.0,41.3,49.0,6.9,6.81,11.6,58.2,86.5,73.1,4.0,33.0,8.7,5.61,5.5,0.0,0.0,,2024
54.0,Tim Boyle,30.0,2TM,QB,3.0,0.0,,27.0,50.0,54.0,276.0,1.0,2.0,1.0,2.0,11.0,38.5,30.0,5.5,5.02,10.2,92.0,68.4,,2.0,11.0,3.85,5.1,4.62,0.0,0.0,,2024
54.0,Tim Boyle,30.0,MIA,QB,2.0,0.0,,15.0,26.0,57.7,153.0,0.0,0.0,0.0,0.0,7.0,40.7,30.0,5.9,5.88,10.2,76.5,74.7,,1.0,9.0,3.7,5.33,5.33,0.0,0.0,,2024
54.0,Tim Boyle,30.0,NYG,QB,1.0,0.0,,12.0,24.0,50.0,123.0,1.0,4.2,1.0,4.2,4.0,36.0,25.0,5.1,4.08,10.3,123.0,61.6,,1.0,2.0,4.0,4.84,3.84,0.0,0.0,,2024
55.0,Trey Lance,24.0,DAL,QB,4.0,1.0,0-1-0,25.0,41.0,61.0,266.0,0.0,0.0,1.0,2.4,13.0,40.0,33.0,6.5,5.39,10.6,66.5,69.8,35.2,4.0,23.0,8.89,5.4,4.4,0.0,0.0,,2024
56.0,Tommy DeVito,26.0,NYG,QB,3.0,2.0,0-2-0,31.0,44.0,70.5,257.0,0.0,0.0,0.0,0.0,15.0,46.0,23.0,5.8,5.84,8.3,85.7,85.1,24.4,6.0,31.0,12.0,4.52,4.52,0.0,0.0,,2024
57.0,Joe Milton,24.0,NWE,QB,1.0,0.0,,22.0,29.0,75.9,241.0,1.0,3.4,0.0,0.0,14.0,58.6,48.0,8.3,9.0,11.0,241.0,111.4,69.6,0.0,0.0,0.0,8.31,9.0,0.0,0.0,,2024
58.0,Jake Haener,25.0,NOR,QB,8.0,1.0,0-1-0,18.0,39.0,46.2,226.0,1.0,2.6,1.0,2.6,10.0,31.1,36.0,5.8,5.15,12.6,28.3,62.6,12.8,6.0,55.0,13.33,3.8,3.24,0.0,0.0,,2024
59.0,Davis Mills,26.0,HOU,QB,4.0,0.0,,20.0,36.0,55.6,212.0,0.0,0.0,0.0,0.0,9.0,36.8,25.0,5.9,5.89,10.6,53.0,72.9,64.8,2.0,18.0,5.26,5.11,5.11,0.0,0.0,,2024
60.0,Brandon Allen,32.0,SFO,QB,3.0,1.0,0-1-0,17.0,30.0,56.7,199.0,1.0,3.3,2.0,6.7,8.0,37.5,31.0,6.6,4.3,11.7,66.3,60.3,31.4,2.0,2.0,6.25,6.16,3.97,0.0,0.0,,2024
61.0,Skylar Thompson,27.0,MIA,QB,3.0,1.0,0-1-0,21.0,33.0,63.6,187.0,0.0,0.0,0.0,0.0,8.0,38.5,22.0,5.7,5.67,8.9,62.3,78.7,3.4,6.0,44.0,15.38,3.67,3.67,0.0,0.0,,2024
62.0,Mitchell Trubisky,30.0,BUF,QB,9.0,0.0,,19.0,26.0,73.1,179.0,2.0,7.7,0.0,0.0,7.0,42.3,69.0,6.9,8.42,9.4,19.9,117.3,57.8,0.0,0.0,0.0,6.88,8.42,0.0,0.0,,2024
63.0,Bailey Zappe,25.0,CLE,QB,1.0,1.0,0-1-0,16.0,31.0,51.6,170.0,1.0,3.2,2.0,6.5,8.0,34.4,30.0,5.5,3.23,10.6,170.0,51.8,17.6,1.0,5.0,3.13,5.16,2.97,0.0,0.0,,2024
64.0,Tyrod Taylor,35.0,NYJ,QB,2.0,0.0,,17.0,22.0,77.3,119.0,3.0,13.6,0.0,0.0,9.0,63.6,20.0,5.4,8.14,7.0,59.5,128.6,95.0,0.0,0.0,0.0,5.41,8.14,0.0,0.0,,2024
65.0,Carson Wentz,32.0,KAN,QB,3.0,1.0,0-1-0,12.0,19.0,63.2,118.0,0.0,0.0,0.0,0.0,5.0,26.1,25.0,6.2,6.21,9.8,39.3,80.6,20.6,4.0,22.0,17.39,4.17,4.17,0.0,0.0,,2024
66.0,Hendon Hooker,26.0,DET,QB,3.0,0.0,,6.0,9.0,66.7,62.0,0.0,0.0,0.0,0.0,3.0,40.0,21.0,6.9,6.89,10.3,20.7,86.3,39.3,1.0,9.0,10.0,5.3,5.3,0.0,0.0,,2024
67.0,Nick Mullens,29.0,MIN,QB,4.0,0.0,,2.0,2.0,100.0,38.0,0.0,0.0,0.0,0.0,2.0,100.0,24.0,19.0,19.0,19.0,9.5,118.7,97.5,0.0,0.0,0.0,19.0,19.0,0.0,0.0,,2024
68.0,Jaxon Smith-Njigba,22.0,SEA,WR,17.0,16.0,,1.0,1.0,100.0,35.0,0.0,0.0,0.0,0.0,1.0,100.0,35.0,35.0,35.0,35.0,2.1,118.7,100.0,0.0,0.0,0.0,35.0,35.0,0.0,0.0,PB,2024
69.0,AJ Cole III,29.0,LVR,P,17.0,0.0,,1.0,1.0,100.0,34.0,0.0,0.0,0.0,0.0,1.0,100.0,34.0,34.0,34.0,34.0,2.0,118.7,,0.0,0.0,0.0,34.0,34.0,0.0,0.0,,2024
70.0,Courtland Sutton,29.0,DEN,WR,17.0,13.0,,2.0,2.0,100.0,30.0,1.0,50.0,0.0,0.0,2.0,100.0,28.0,15.0,25.0,15.0,1.8,158.3,100.0,0.0,0.0,0.0,15.0,25.0,0.0,0.0,,2024
71.0,Taylor Heinicke,31.0,LAC,QB,4.0,0.0,,3.0,5.0,60.0,28.0,0.0,0.0,0.0,0.0,1.0,25.0,18.0,5.6,5.6,9.3,7.0,75.4,5.2,3.0,28.0,37.5,0.0,0.0,0.0,0.0,,2024
72.0,Mike White,29.0,BUF,QB,1.0,0.0,,3.0,11.0,27.3,28.0,0.0,0.0,0.0,0.0,1.0,9.1,14.0,2.5,2.55,9.3,28.0,39.6,12.4,0.0,0.0,0.0,2.55,2.55,0.0,0.0,,2024
73.0,Sam Howell,24.0,SEA,QB,2.0,0.0,,5.0,14.0,35.7,24.0,0.0,0.0,1.0,7.1,1.0,16.7,12.0,1.7,-1.5,4.8,12.0,14.6,2.9,4.0,21.0,22.22,0.17,-2.33,0.0,0.0,,2024
74.0,Adonai Mitchell,22.0,IND,WR,17.0,7.0,,1.0,1.0,100.0,24.0,0.0,0.0,0.0,0.0,1.0,100.0,24.0,24.0,24.0,24.0,1.4,118.7,70.2,0.0,0.0,0.0,24.0,24.0,0.0,0.0,,2024
75.0,Justin Jefferson,25.0,MIN,WR,17.0,17.0,,1.0,1.0,100.0,22.0,0.0,0.0,0.0,0.0,1.0,100.0,22.0,22.0,22.0,22.0,1.3,118.7,23.7,0.0,0.0,0.0,22.0,22.0,0.0,0.0,"PB,AP-1,AP OPoY-7",2024
76.0,Taysom Hill,34.0,NOR,TE,8.0,8.0,,2.0,4.0,50.0,21.0,0.0,0.0,1.0,25.0,1.0,25.0,18.0,5.3,-6.0,10.5,2.6,26.0,91.0,0.0,0.0,0.0,5.25,-6.0,0.0,0.0,,2024
77.0,Cedrick Wilson Jr.,29.0,NOR,WR,15.0,4.0,,1.0,1.0,100.0,21.0,1.0,100.0,0.0,0.0,1.0,50.0,21.0,21.0,41.0,21.0,1.4,158.3,99.6,1.0,3.0,50.0,9.0,19.0,0.0,0.0,,2024
78.0,Kyle Allen,28.0,PIT,QB,1.0,0.0,,1.0,1.0,100.0,19.0,0.0,0.0,0.0,0.0,1.0,100.0,19.0,19.0,19.0,19.0,19.0,118.7,99.3,0.0,0.0,0.0,19.0,19.0,0.0,0.0,,2024
79.0,Jalen Coker,23.0,CAR,WR,11.0,4.0,,1.0,1.0,100.0,19.0,0.0,0.0,0.0,0.0,1.0,100.0,19.0,19.0,19.0,19.0,1.7,118.7,99.5,0.0,0.0,0.0,19.0,19.0,0.0,0.0,,2024
80.0,Jack Fox,28.0,DET,P,17.0,0.0,,1.0,1.0,100.0,17.0,0.0,0.0,0.0,0.0,1.0,100.0,17.0,17.0,17.0,17.0,1.0,118.7,,0.0,0.0,0.0,17.0,17.0,0.0,0.0,"PB,AP-1",2024
81.0,Josh Johnson,38.0,BAL,QB,6.0,0.0,,2.0,3.0,66.7,17.0,0.0,0.0,0.0,0.0,1.0,25.0,16.0,5.7,5.67,8.5,2.8,81.2,15.3,1.0,5.0,25.0,3.0,3.0,0.0,0.0,,2024
82.0,Stefon Diggs,31.0,HOU,WR,8.0,8.0,,1.0,1.0,100.0,13.0,0.0,0.0,0.0,0.0,1.0,100.0,13.0,13.0,13.0,13.0,1.6,118.7,12.1,0.0,0.0,0.0,13.0,13.0,0.0,0.0,,2024
83.0,Tyson Bagent,24.0,CHI,QB,4.0,0.0,,2.0,2.0,100.0,11.0,0.0,0.0,0.0,0.0,1.0,50.0,6.0,5.5,5.5,5.5,2.8,89.6,47.6,0.0,0.0,0.0,5.5,5.5,0.0,0.0,,2024
84.0,Clayton Tune,25.0,ARI,QB,6.0,0.0,,2.0,2.0,100.0,8.0,0.0,0.0,0.0,0.0,0.0,50.0,7.0,4.0,4.0,4.0,1.3,83.3,0.5,0.0,0.0,0.0,4.0,4.0,0.0,0.0,,2024
85.0,Amon-Ra St. Brown,25.0,DET,WR,17.0,17.0,,1.0,1.0,100.0,7.0,1.0,100.0,0.0,0.0,1.0,100.0,7.0,7.0,27.0,7.0,0.4,135.4,99.5,0.0,0.0,0.0,7.0,27.0,0.0,0.0,"PB,AP-1,AP OPoY-11",2024
86.0,Kyle Trask,26.0,TAM,QB,4.0,0.0,,1.0,1.0,100.0,5.0,0.0,0.0,0.0,0.0,0.0,100.0,5.0,5.0,5.0,5.0,1.3,87.5,88.0,0.0,0.0,0.0,5.0,5.0,0.0,0.0,,2024
87.0,Bryan Anger,36.0,DAL,P,17.0,0.0,,1.0,2.0,50.0,4.0,0.0,0.0,0.0,0.0,0.0,,4.0,2.0,2.0,4.0,0.2,56.2,,0.0,0.0,0.0,2.0,2.0,0.0,0.0,,2024
88.0,Riley Dixon,31.0,DEN,P,17.0,0.0,,1.0,1.0,100.0,3.0,0.0,0.0,0.0,0.0,0.0,,3.0,3.0,3.0,3.0,0.2,79.2,,0.0,0.0,0.0,3.0,3.0,0.0,0.0,,2024
89.0,David Montgomery,27.0,DET,RB,14.0,14.0,,1.0,1.0,100.0,3.0,1.0,100.0,0.0,0.0,1.0,100.0,3.0,3.0,23.0,3.0,0.2,118.7,100.0,0.0,0.0,0.0,3.0,23.0,0.0,0.0,,2024
90.0,JK Scott,29.0,LAC,P,17.0,0.0,,1.0,1.0,100.0,3.0,0.0,0.0,0.0,0.0,0.0,,3.0,3.0,3.0,3.0,0.2,79.2,,0.0,0.0,0.0,3.0,3.0,0.0,0.0,,2024
91.0,Keenan Allen,32.0,CHI,WR,15.0,15.0,,0.0,1.0,0.0,0.0,0.0,0.0,1.0,100.0,0.0,,,0.0,-45.0,,0.0,0.0,0.0,0.0,0.0,0.0,0.0,-45.0,0.0,0.0,,2024
92.0,Tutu Atwell,25.0,LAR,WR,17.0,5.0,,0.0,1.0,0.0,0.0,0.0,0.0,0.0,0.0,0.0,,,0.0,0.0,,0.0,39.6,1.5,0.0,0.0,0.0,0.0,0.0,0.0,0.0,,2024
93.0,Saquon Barkley,27.0,PHI,RB,16.0,16.0,,0.0,0.0,,0.0,0.0,,0.0,,0.0,,,,,,0.0,,0.1,1.0,2.0,100.0,-2.0,-2.0,0.0,0.0,"PB,AP-1,AP MVP-3,AP OPoY-1,AP CPoY-14",2024
94.0,Kendrick Bourne,29.0,NWE,WR,12.0,9.0,,0.0,1.0,0.0,0.0,0.0,0.0,0.0,0.0,0.0,,,0.0,0.0,,0.0,39.6,3.7,0.0,0.0,0.0,0.0,0.0,0.0,0.0,,2024
95.0,Tyler Boyd,30.0,TEN,WR,16.0,8.0,,0.0,1.0,0.0,0.0,0.0,0.0,0.0,0.0,0.0,,,0.0,0.0,,0.0,39.6,3.6,0.0,0.0,0.0,0.0,0.0,0.0,0.0,,2024
96.0,Dyami Brown,25.0,WAS,WR,16.0,3.0,,0.0,1.0,0.0,0.0,0.0,0.0,0.0,0.0,0.0,,,0.0,0.0,,0.0,39.6,4.8,0.0,0.0,0.0,0.0,0.0,0.0,0.0,,2024
97.0,Ty Chandler,26.0,MIN,RB,17.0,0.0,,0.0,0.0,,0.0,0.0,,0.0,,0.0,,,,,,0.0,,1.1,1.0,1.0,100.0,-1.0,-1.0,0.0,0.0,,2024
98.0,Johnny Hekker,34.0,CAR,P,17.0,0.0,,0.0,2.0,0.0,0.0,0.0,0.0,0.0,0.0,0.0,,,0.0,0.0,,0.0,39.6,,0.0,0.0,0.0,0.0,0.0,0.0,0.0,,2024
99.0,Miles Killebrew,31.0,PIT,S,17.0,0.0,,0.0,1.0,0.0,0.0,0.0,0.0,0.0,0.0,0.0,,,0.0,0.0,,0.0,39.6,,0.0,0.0,0.0,0.0,0.0,0.0,0.0,PB,2024
100.0,Allen Lazard,29.0,NYJ,WR,12.0,10.0,,0.0,1.0,0.0,0.0,0.0,0.0,0.0,0.0,0.0,,,0.0,0.0,,0.0,39.6,0.0,0.0,0.0,0.0,0.0,0.0,0.0,0.0,,2024
101.0,Jakobi Meyers,28.0,LVR,WR,15.0,15.0,,0.0,0.0,,0.0,0.0,,0.0,,0.0,,,,,,0.0,,0.0,1.0,10.0,100.0,-10.0,-10.0,0.0,0.0,,2024
102.0,Joe Mixon,28.0,HOU,RB,14.0,14.0,,0.0,1.0,0.0,0.0,0.0,0.0,0.0,0.0,0.0,,,0.0,0.0,,0.0,39.6,0.9,0.0,0.0,0.0,0.0,0.0,0.0,0.0,PB,2024
103.0,Darnell Mooney,27.0,ATL,WR,16.0,16.0,,0.0,1.0,0.0,0.0,0.0,0.0,0.0,0.0,0.0,,,0.0,0.0,,0.0,39.6,3.2,0.0,0.0,0.0,0.0,0.0,0.0,0.0,,2024
104.0,D.J. Moore,27.0,CHI,WR,17.0,17.0,,0.0,1.0,0.0,0.0,0.0,0.0,0.0,0.0,0.0,,,0.0,0.0,,0.0,39.6,,0.0,0.0,0.0,0.0,0.0,0.0,0.0,,2024
105.0,Malik Nabers,21.0,NYG,WR,15.0,13.0,,0.0,1.0,0.0,0.0,0.0,0.0,0.0,0.0,0.0,,,0.0,0.0,,0.0,39.6,2.1,0.0,0.0,0.0,0.0,0.0,0.0,0.0,"PB,AP ORoY-5",2024
106.0,Chris Oladokun,27.0,KAN,QB,1.0,0.0,,0.0,0.0,,0.0,0.0,,0.0,,0.0,,,,,,0.0,,0.0,1.0,5.0,100.0,-5.0,-5.0,0.0,0.0,,2024
107.0,Ricky Pearsall,24.0,SFO,WR,11.0,4.0,,0.0,1.0,0.0,0.0,0.0,0.0,0.0,0.0,0.0,,,0.0,0.0,,0.0,39.6,1.9,0.0,0.0,0.0,0.0,0.0,0.0,0.0,,2024
108.0,Deebo Samuel,28.0,SFO,WR,15.0,15.0,,0.0,0.0,,0.0,0.0,,0.0,,0.0,,,,,,0.0,,0.0,1.0,4.0,100.0,-4.0,-4.0,0.0,0.0,,2024
109.0,Penei Sewell,24.0,DET,RT,17.0,17.0,,0.0,0.0,,0.0,0.0,,0.0,,0.0,,,,,,0.0,,1.7,1.0,1.0,100.0,-1.0,-1.0,0.0,0.0,"PB,AP-1,AP OPoY-11",2024
,League Average,,,,,,,,,65.3,,,4.5,,2.2,,45.8,,7.1,7.06,10.9,107.8,92.3,,,,6.87,6.19,6.13,,,,2024
1.0,Matthew Stafford,37.0,LAR,QB,17.0,17.0,12/5/2000,388.0,597.0,65.0,4707.0,46.0,7.7,8.0,1.3,236.0,54.4,88.0,7.9,8.82,12.1,276.9,109.2,71.1,23.0,150.0,3.71,7.35,8.25,1.0,1.0,"PB,AP-1",2025
2.0,Jared Goff,31.0,DET,QB,17.0,17.0,9/8/2000,393.0,578.0,68.0,4564.0,34.0,5.9,8.0,1.4,223.0,48.7,64.0,7.9,8.45,11.6,268.5,105.5,57.7,38.0,259.0,6.17,6.99,7.51,1.0,3.0,,2025
3.0,Dak Prescott,32.0,DAL,QB,17.0,17.0,7/9/2001,404.0,600.0,67.3,4552.0,30.0,5.0,10.0,1.7,220.0,48.2,86.0,7.6,7.84,11.3,267.8,99.5,70.4,31.0,208.0,4.91,6.88,7.12,4.0,3.0,PB,2025
4.0,Drake Maye,23.0,NWE,QB,17.0,17.0,14-3-0,354.0,492.0,72.0,4394.0,31.0,6.3,8.0,1.6,203.0,54.7,72.0,8.9,9.46,12.4,258.5,113.5,77.2,47.0,201.0,8.72,7.78,8.26,1.0,2.0,"PB,AP-2",2025
5.0,Sam Darnold,28.0,SEA,QB,17.0,17.0,14-3-0,323.0,477.0,67.7,4048.0,25.0,5.2,14.0,2.9,178.0,50.0,67.0,8.5,8.21,12.5,238.1,99.1,56.3,27.0,186.0,5.36,7.66,7.4,2.0,4.0,PB,2025
6.0,Trevor Lawrence,26.0,JAX,QB,17.0,17.0,13-4-0,341.0,560.0,60.9,4007.0,29.0,5.2,12.0,2.1,194.0,45.8,63.0,7.2,7.23,11.8,235.7,91.0,58.5,41.0,247.0,6.82,6.26,6.32,3.0,5.0,,2025
7.0,Caleb Williams,24.0,CHI,QB,17.0,17.0,11/6/2000,330.0,568.0,58.1,3942.0,27.0,4.8,7.0,1.2,187.0,42.9,65.0,6.9,7.34,11.9,231.9,90.1,58.4,24.0,165.0,4.05,6.38,6.76,6.0,6.0,,2025
8.0,Bo Nix,25.0,DEN,QB,17.0,17.0,14-3-0,388.0,612.0,63.4,3931.0,25.0,4.1,11.0,1.8,196.0,45.6,52.0,6.4,6.43,10.1,231.2,87.8,58.4,22.0,119.0,3.47,6.01,6.02,5.0,7.0,,2025
9.0,Justin Herbert,27.0,LAC,QB,16.0,16.0,11/5/2000,340.0,512.0,66.4,3727.0,26.0,5.1,13.0,2.5,175.0,47.2,60.0,7.3,7.15,11.0,232.9,94.1,60.8,54.0,301.0,9.54,6.05,5.94,3.0,3.0,PB,2025
10.0,Baker Mayfield,30.0,TAM,QB,17.0,17.0,8/9/2000,343.0,543.0,63.2,3693.0,26.0,4.8,11.0,2.0,172.0,42.5,77.0,6.8,6.85,10.8,217.2,90.6,61.1,36.0,234.0,6.22,5.97,6.02,4.0,4.0,,2025
11.0,Josh Allen,29.0,BUF,QB,17.0,17.0,12/5/2000,319.0,460.0,69.3,3668.0,25.0,5.4,10.0,2.2,177.0,48.2,54.0,8.0,8.08,11.5,215.8,102.2,65.0,40.0,298.0,8.0,6.74,6.84,4.0,4.0,PB,2025
12.0,Patrick Mahomes,30.0,KAN,QB,14.0,14.0,6/8/2000,315.0,502.0,62.7,3587.0,22.0,4.4,11.0,2.2,173.0,47.9,61.0,7.1,7.04,11.4,256.2,89.6,68.7,34.0,193.0,6.34,6.33,6.23,1.0,1.0,,2025
13.0,Jordan Love,27.0,GNB,QB,15.0,15.0,9/5/2001,291.0,439.0,66.3,3381.0,23.0,5.2,6.0,1.4,159.0,50.2,59.0,7.7,8.13,11.6,225.4,101.2,72.9,21.0,169.0,4.57,6.98,7.4,4.0,4.0,,2025
14.0,Jacoby Brissett,33.0,ARI,QB,14.0,12.0,1/11/2000,315.0,485.0,64.9,3366.0,23.0,4.7,8.0,1.6,165.0,45.8,50.0,6.9,7.15,10.7,240.4,94.1,41.7,43.0,288.0,8.14,5.83,6.02,0.0,0.0,,2025
15.0,Aaron Rodgers,42.0,PIT,QB,16.0,16.0,10/6/2000,327.0,498.0,65.7,3322.0,24.0,4.8,7.0,1.4,143.0,42.9,80.0,6.7,7.0,10.2,207.6,94.8,44.3,29.0,180.0,5.5,5.96,6.28,2.0,3.0,,2025
16.0,Jalen Hurts,27.0,PHI,QB,16.0,16.0,11/5/2000,294.0,454.0,64.8,3224.0,25.0,5.5,6.0,1.3,150.0,43.2,79.0,7.1,7.61,11.0,201.5,98.5,55.7,32.0,181.0,6.58,6.26,6.73,1.0,1.0,,2025
17.0,Cam Ward,23.0,TEN,QB,17.0,17.0,3/14/2000,323.0,540.0,59.8,3169.0,15.0,2.8,7.0,1.3,153.0,38.2,47.0,5.9,5.84,9.8,186.4,80.2,33.2,55.0,410.0,9.24,4.64,4.61,1.0,1.0,,2025
18.0,Daniel Jones,28.0,IND,QB,13.0,13.0,8/5/2000,261.0,384.0,68.0,3101.0,19.0,4.9,8.0,2.1,149.0,52.0,75.0,8.1,8.13,11.9,238.5,100.2,63.5,22.0,158.0,5.42,7.25,7.3,3.0,3.0,,2025
19.0,C.J. Stroud,24.0,HOU,QB,14.0,14.0,9/5/2000,273.0,423.0,64.5,3041.0,19.0,4.5,8.0,1.9,136.0,44.4,75.0,7.2,7.24,11.1,217.2,92.9,62.0,23.0,189.0,5.16,6.39,6.44,0.0,2.0,,2025
20.0,Geno Smith,35.0,LVR,QB,15.0,15.0,2/13/2000,302.0,448.0,67.4,3025.0,19.0,4.2,17.0,3.8,148.0,45.3,61.0,6.8,5.89,10.0,201.7,84.7,34.0,55.0,405.0,10.93,5.21,4.44,0.0,0.0,,2025
21.0,Bryce Young,24.0,CAR,QB,16.0,16.0,8/8/2000,304.0,478.0,63.6,3011.0,23.0,4.8,11.0,2.3,153.0,44.2,54.0,6.3,6.23,9.9,188.2,87.8,47.7,27.0,202.0,5.35,5.56,5.49,4.0,6.0,,2025
22.0,Tua Tagovailoa,27.0,MIA,QB,14.0,14.0,6/8/2000,260.0,384.0,67.7,2660.0,20.0,5.2,15.0,3.9,142.0,46.4,47.0,6.9,6.21,10.2,190.0,88.5,37.3,30.0,195.0,7.25,5.95,5.29,1.0,1.0,,2025
23.0,Lamar Jackson,28.0,BAL,QB,13.0,13.0,6/7/2000,192.0,302.0,63.6,2549.0,21.0,7.0,7.0,2.3,109.0,46.2,64.0,8.4,8.79,13.3,196.1,103.8,62.8,36.0,239.0,10.65,6.83,7.14,1.0,1.0,,2025
24.0,Joe Flacco,40.0,2TM,QB,13.0,10.0,2/8/2000,251.0,416.0,60.3,2479.0,15.0,3.6,10.0,2.4,115.0,41.7,44.0,6.0,5.6,9.9,190.7,79.2,,18.0,118.0,4.15,5.44,5.09,2.0,2.0,,2025
24.0,Joe Flacco,40.0,CLE,QB,4.0,4.0,1/3/2000,93.0,160.0,58.1,815.0,2.0,1.3,6.0,3.8,35.0,34.9,35.0,5.1,3.66,8.8,203.8,60.3,,9.0,54.0,5.33,4.5,3.14,1.0,1.0,,2025
24.0,Joe Flacco,40.0,CIN,QB,9.0,6.0,1/5/2000,158.0,256.0,61.7,1664.0,13.0,5.1,4.0,1.6,80.0,46.0,44.0,6.5,6.81,10.5,184.9,91.0,,9.0,64.0,3.4,6.04,6.34,1.0,1.0,,2025
25.0,Tyler Shough,26.0,NOR,QB,11.0,9.0,5/4/2000,221.0,327.0,67.6,2384.0,10.0,3.1,6.0,1.8,107.0,44.1,62.0,7.3,7.08,10.8,216.7,91.3,49.2,31.0,195.0,8.66,6.11,5.92,2.0,3.0,,2025
26.0,Jaxson Dart,22.0,NYG,QB,14.0,12.0,4/8/2000,216.0,339.0,63.7,2272.0,15.0,4.4,5.0,1.5,102.0,41.7,44.0,6.7,6.92,10.5,162.3,91.7,57.6,35.0,152.0,9.36,5.67,5.87,0.0,0.0,,2025
27.0,Brock Purdy,26.0,SFO,QB,9.0,9.0,7/2/2000,197.0,284.0,69.4,2167.0,20.0,7.0,10.0,3.5,130.0,55.3,45.0,7.6,7.45,11.0,240.8,100.5,72.6,11.0,53.0,3.73,7.17,7.0,2.0,2.0,,2025
28.0,Mac Jones,27.0,SFO,QB,11.0,8.0,5/3/2000,201.0,289.0,69.6,2151.0,13.0,4.5,6.0,2.1,107.0,53.4,56.0,7.4,7.41,10.7,195.5,97.4,63.3,16.0,108.0,5.25,6.7,6.67,1.0,2.0,,2025
29.0,Michael Penix,25.0,ATL,QB,9.0,9.0,3/6/2000,166.0,276.0,60.1,1982.0,9.0,3.3,3.0,1.1,99.0,46.4,69.0,7.2,7.34,11.9,220.2,88.5,57.6,13.0,101.0,4.5,6.51,6.66,0.0,0.0,,2025
30.0,Joe Burrow,29.0,CIN,QB,8.0,8.0,5/3/2000,173.0,259.0,66.8,1809.0,17.0,6.6,5.0,1.9,100.0,51.8,43.0,7.0,7.43,10.5,226.1,100.7,63.2,17.0,113.0,6.16,6.14,6.56,0.0,0.0,,2025
31.0,Kirk Cousins,37.0,ATL,QB,10.0,8.0,5/3/2000,166.0,269.0,61.7,1721.0,10.0,3.7,5.0,1.9,86.0,44.3,49.0,6.4,6.3,10.4,172.1,84.8,48.0,13.0,79.0,4.61,5.82,5.73,1.0,2.0,,2025
32.0,Marcus Mariota,32.0,WAS,QB,11.0,8.0,2/6/2000,139.0,227.0,61.2,1695.0,10.0,4.4,7.0,3.1,79.0,43.6,56.0,7.5,6.96,12.2,154.1,86.1,50.6,16.0,107.0,6.58,6.53,6.06,0.0,0.0,,2025
33.0,J.J. McCarthy,22.0,MIN,QB,10.0,10.0,6/4/2000,140.0,243.0,57.6,1632.0,11.0,4.5,12.0,4.9,80.0,41.1,62.0,6.7,5.4,11.7,163.2,72.6,35.7,27.0,149.0,10.0,5.49,4.31,1.0,1.0,,2025
34.0,Spencer Rattler,25.0,NOR,QB,9.0,8.0,1/7/2000,174.0,257.0,67.7,1586.0,8.0,3.1,5.0,1.9,74.0,43.3,87.0,6.2,5.92,9.1,176.2,86.5,49.7,18.0,104.0,6.55,5.39,5.15,0.0,0.0,,2025
35.0,Shedeur Sanders,23.0,CLE,QB,8.0,7.0,3/4/2000,120.0,212.0,56.6,1400.0,7.0,3.3,10.0,4.7,54.0,34.5,66.0,6.6,5.14,11.7,175.0,68.1,18.9,23.0,164.0,9.79,5.26,3.94,1.0,1.0,,2025
36.0,Jayden Daniels,25.0,WAS,QB,7.0,7.0,2/5/2000,114.0,188.0,60.6,1262.0,8.0,4.3,3.0,1.6,59.0,44.7,50.0,6.7,6.85,11.1,180.3,88.1,44.7,18.0,79.0,8.74,5.74,5.86,0.0,0.0,,2025
37.0,Justin Fields,26.0,NYJ,QB,9.0,9.0,2/7/2000,128.0,204.0,62.7,1259.0,7.0,3.4,1.0,0.5,58.0,42.0,42.0,6.2,6.64,9.8,139.9,89.5,38.5,27.0,192.0,11.69,4.62,5.03,1.0,2.0,,2025
38.0,Carson Wentz,33.0,MIN,QB,5.0,5.0,2/3/2000,110.0,169.0,65.1,1216.0,6.0,3.6,5.0,3.0,58.0,45.2,81.0,7.2,6.57,11.1,243.2,85.8,43.6,19.0,125.0,10.11,5.8,5.24,1.0,1.0,,2025
39.0,Kyler Murray,28.0,ARI,QB,5.0,5.0,2/3/2000,110.0,161.0,68.3,962.0,6.0,3.7,3.0,1.9,50.0,44.1,45.0,6.0,5.88,8.7,192.4,88.6,47.0,16.0,111.0,9.04,4.81,4.72,0.0,0.0,,2025
40.0,Dillon Gabriel,25.0,CLE,QB,10.0,6.0,1/5/2000,110.0,185.0,59.5,937.0,7.0,3.8,2.0,1.1,45.0,32.8,26.0,5.1,5.34,8.5,93.7,80.8,31.2,19.0,127.0,9.31,3.97,4.22,0.0,0.0,,2025
41.0,Davis Mills,27.0,HOU,QB,6.0,3.0,3-0-0,91.0,159.0,57.2,915.0,5.0,3.1,1.0,0.6,48.0,39.5,54.0,5.8,6.1,10.1,152.5,81.6,43.8,8.0,60.0,4.79,5.12,5.45,2.0,3.0,,2025
42.0,Russell Wilson,37.0,NYG,QB,6.0,3.0,0-3-0,69.0,119.0,58.0,831.0,3.0,2.5,3.0,2.5,32.0,38.0,52.0,7.0,6.35,12.0,138.5,77.4,25.8,10.0,66.0,7.75,5.93,5.35,0.0,0.0,,2025
43.0,Tyrod Taylor,36.0,NYJ,QB,6.0,4.0,1/3/2000,80.0,134.0,59.7,779.0,5.0,3.7,5.0,3.7,41.0,41.9,52.0,5.8,4.88,9.7,129.8,72.9,51.1,14.0,82.0,9.46,4.71,3.86,1.0,1.0,,2025
44.0,Jake Browning,29.0,CIN,QB,5.0,3.0,0-3-0,81.0,125.0,64.8,771.0,6.0,4.8,8.0,6.4,33.0,38.8,64.0,6.2,4.25,9.5,154.2,71.1,35.5,9.0,60.0,6.72,5.31,3.51,1.0,1.0,,2025
45.0,Brady Cook,24.0,NYJ,QB,5.0,4.0,0-4-0,88.0,153.0,57.5,739.0,2.0,1.3,7.0,4.6,35.0,32.6,26.0,4.8,3.03,8.4,147.8,55.4,11.6,19.0,125.0,11.05,3.57,1.97,0.0,0.0,,2025
46.0,Quinn Ewers,22.0,MIA,QB,4.0,3.0,1/2/2000,55.0,83.0,66.3,622.0,3.0,3.6,3.0,3.6,29.0,38.5,63.0,7.5,6.59,11.3,155.5,85.5,31.9,8.0,59.0,8.79,6.19,5.36,0.0,0.0,,2025
47.0,Jameis Winston,31.0,NYG,QB,3.0,2.0,0-2-0,37.0,66.0,56.1,567.0,2.0,3.0,2.0,3.0,25.0,46.4,42.0,8.6,7.83,15.3,189.0,82.1,68.8,3.0,11.0,4.35,8.06,7.33,0.0,0.0,,2025
48.0,Philip Rivers,44.0,IND,QB,3.0,3.0,0-3-0,58.0,92.0,63.0,544.0,4.0,4.3,3.0,3.3,30.0,43.3,33.0,5.9,5.32,9.4,181.3,80.2,39.4,5.0,37.0,5.15,5.23,4.66,0.0,0.0,,2025
49.0,Tyler Huntley,27.0,BAL,QB,5.0,2.0,2-0-0,52.0,67.0,77.6,426.0,2.0,3.0,0.0,0.0,19.0,45.3,36.0,6.4,6.96,8.2,85.2,103.1,80.7,8.0,38.0,10.67,5.17,5.71,0.0,0.0,,2025
50.0,Malik Willis,26.0,GNB,QB,4.0,1.0,0-1-0,30.0,35.0,85.7,422.0,3.0,8.6,0.0,0.0,19.0,65.8,40.0,12.1,13.77,14.1,105.5,145.5,93.1,3.0,15.0,7.89,10.71,12.29,0.0,0.0,,2025
51.0,Riley Leonard,23.0,IND,QB,5.0,1.0,0-1-0,39.0,67.0,58.2,415.0,2.0,3.0,3.0,4.5,18.0,30.4,66.0,6.2,4.78,10.6,83.0,67.7,72.2,2.0,17.0,2.9,5.77,4.39,0.0,0.0,,2025
52.0,Josh Johnson,39.0,WAS,QB,5.0,2.0,1/1/2000,34.0,54.0,63.0,372.0,1.0,1.9,2.0,3.7,21.0,48.2,41.0,6.9,5.59,10.9,74.4,74.0,55.8,2.0,14.0,3.57,6.39,5.14,1.0,1.0,,2025
53.0,Max Brosmer,24.0,MIN,QB,7.0,2.0,1/1/2000,47.0,71.0,66.2,328.0,0.0,0.0,4.0,5.6,18.0,29.4,29.0,4.6,2.08,7.0,46.9,53.0,14.1,14.0,100.0,16.47,2.68,0.56,0.0,1.0,,2025
54.0,Mitchell Trubisky,31.0,BUF,QB,4.0,0.0,,25.0,35.0,71.4,313.0,4.0,11.4,0.0,0.0,19.0,60.0,37.0,8.9,11.23,12.5,78.3,137.0,91.5,0.0,0.0,0.0,8.94,11.23,0.0,0.0,,2025
55.0,Mason Rudolph,30.0,PIT,QB,5.0,1.0,0-1-0,38.0,52.0,73.1,310.0,2.0,3.8,2.0,3.8,17.0,50.0,28.0,6.0,5.0,8.2,62.0,84.6,33.9,2.0,12.0,3.7,5.52,4.59,0.0,0.0,,2025
56.0,Cooper Rush,32.0,BAL,QB,4.0,2.0,0-2-0,34.0,52.0,65.4,303.0,0.0,0.0,4.0,7.7,13.0,41.5,56.0,5.8,2.37,8.9,75.8,48.8,27.5,1.0,16.0,1.89,5.42,2.02,0.0,0.0,,2025
57.0,Andy Dalton,38.0,CAR,QB,4.0,1.0,0-1-0,25.0,37.0,67.6,293.0,1.0,2.7,1.0,2.7,17.0,46.7,33.0,7.9,7.24,11.7,73.3,89.1,13.1,8.0,54.0,17.78,5.31,4.76,0.0,0.0,,2025
58.0,Tanner McKee,25.0,PHI,QB,4.0,1.0,0-1-0,24.0,43.0,55.8,274.0,1.0,2.3,1.0,2.3,16.0,50.0,31.0,6.4,5.79,11.4,68.5,73.2,26.2,3.0,14.0,6.52,5.65,5.11,0.0,0.0,,2025
59.0,Chris Oladokun,28.0,KAN,QB,3.0,2.0,0-2-0,35.0,55.0,63.6,235.0,1.0,1.8,0.0,0.0,10.0,31.7,31.0,4.3,4.64,6.7,78.3,79.0,15.2,8.0,93.0,12.7,2.25,2.57,0.0,0.0,,2025
60.0,Trey Lance,25.0,LAC,QB,4.0,1.0,0-1-0,27.0,57.0,47.4,226.0,0.0,0.0,1.0,1.8,10.0,27.0,28.0,4.0,3.18,8.4,56.5,50.8,20.4,6.0,44.0,9.52,2.89,2.17,0.0,0.0,,2025
61.0,Kenny Pickett,27.0,LVR,QB,6.0,2.0,1/1/2000,28.0,45.0,62.2,188.0,1.0,2.2,2.0,4.4,8.0,26.4,26.0,4.2,2.62,6.7,31.3,60.2,3.4,8.0,54.0,15.09,2.53,1.21,0.0,0.0,,2025
62.0,Joe Milton,25.0,DAL,QB,4.0,0.0,,15.0,24.0,62.5,183.0,1.0,4.2,2.0,8.3,9.0,45.8,35.0,7.6,4.71,12.2,45.8,65.1,53.0,0.0,0.0,0.0,7.63,4.71,0.0,0.0,,2025
63.0,Aidan O'Connell,27.0,LVR,QB,1.0,0.0,,10.0,22.0,45.5,102.0,0.0,0.0,0.0,0.0,5.0,30.4,23.0,4.6,4.64,10.2,102.0,59.3,16.4,1.0,5.0,4.35,4.22,4.22,1.0,1.0,,2025
64.0,Shane Buechele,27.0,KAN,QB,1.0,0.0,,7.0,14.0,50.0,88.0,0.0,0.0,0.0,0.0,4.0,21.1,51.0,6.3,6.29,12.6,88.0,69.9,5.7,5.0,22.0,26.32,3.47,3.47,0.0,0.0,,2025
65.0,Brandon Allen,33.0,TEN,QB,1.0,0.0,,17.0,30.0,56.7,72.0,0.0,0.0,1.0,3.3,3.0,19.4,21.0,2.4,0.9,4.2,72.0,47.9,10.0,1.0,7.0,3.23,2.1,0.65,0.0,0.0,,2025
66.0,Joshua Dobbs,30.0,NWE,QB,4.0,0.0,,7.0,10.0,70.0,65.0,0.0,0.0,0.0,0.0,3.0,30.0,23.0,6.5,6.5,9.3,16.3,87.5,72.5,0.0,0.0,0.0,6.5,6.5,0.0,0.0,,2025
67.0,Teddy Bridgewater,33.0,TAM,QB,4.0,0.0,,8.0,15.0,53.3,62.0,0.0,0.0,0.0,0.0,2.0,17.6,32.0,4.1,4.13,7.8,15.5,63.7,7.8,2.0,21.0,11.76,2.41,2.41,0.0,0.0,,2025
68.0,Taysom Hill,35.0,NOR,TE,13.0,5.0,,2.0,6.0,33.3,57.0,1.0,16.7,0.0,0.0,2.0,33.3,38.0,9.5,12.83,28.5,4.4,109.0,14.9,0.0,0.0,0.0,9.5,12.83,0.0,0.0,,2025
69.0,Tyson Bagent,25.0,CHI,QB,3.0,0.0,,3.0,4.0,75.0,47.0,0.0,0.0,0.0,0.0,2.0,50.0,22.0,11.8,11.75,15.7,15.7,113.5,11.6,0.0,0.0,0.0,11.75,11.75,0.0,0.0,,2025
70.0,Clayton Tune,26.0,GNB,QB,2.0,1.0,0-1-0,7.0,15.0,46.7,42.0,0.0,0.0,1.0,6.7,2.0,20.0,8.0,2.8,-0.2,6.0,21.0,25.7,7.9,5.0,44.0,25.0,-0.1,-2.35,0.0,0.0,,2025
71.0,Gardner Minshew II,29.0,KAN,QB,4.0,1.0,0-1-0,6.0,13.0,46.2,37.0,0.0,0.0,1.0,7.7,2.0,23.1,12.0,2.8,-0.62,6.2,9.3,21.0,12.3,0.0,0.0,0.0,2.85,-0.62,0.0,0.0,,2025
72.0,Gunner Olszewski,29.0,NYG,WR,16.0,1.0,,1.0,2.0,50.0,33.0,1.0,50.0,0.0,0.0,1.0,50.0,33.0,16.5,26.5,33.0,2.1,135.4,88.8,0.0,0.0,0.0,16.5,26.5,0.0,0.0,,2025
73.0,Cam Akers,26.0,MIN,RB,3.0,0.0,,1.0,1.0,100.0,32.0,1.0,100.0,0.0,0.0,1.0,100.0,32.0,32.0,52.0,32.0,10.7,158.3,,0.0,0.0,0.0,32.0,52.0,0.0,0.0,,2025
74.0,Zach Wilson,26.0,MIA,QB,4.0,0.0,,6.0,11.0,54.5,32.0,0.0,0.0,0.0,0.0,3.0,36.4,11.0,2.9,2.91,5.3,8.0,60.0,9.7,0.0,0.0,0.0,2.91,2.91,0.0,0.0,,2025
75.0,Matt Haack,31.0,ARI,P,7.0,0.0,,1.0,1.0,100.0,28.0,0.0,0.0,0.0,0.0,1.0,100.0,28.0,28.0,28.0,28.0,4.0,118.7,,0.0,0.0,0.0,28.0,28.0,0.0,0.0,,2025
76.0,Nick Mullens,30.0,JAX,QB,5.0,0.0,,3.0,3.0,100.0,19.0,0.0,0.0,0.0,0.0,2.0,66.7,8.0,6.3,6.33,6.3,3.8,93.1,85.9,0.0,0.0,0.0,6.33,6.33,0.0,0.0,,2025
77.0,Rigoberto Sanchez,31.0,IND,P,17.0,0.0,,1.0,1.0,100.0,16.0,0.0,0.0,0.0,0.0,1.0,100.0,16.0,16.0,16.0,16.0,0.9,118.7,,0.0,0.0,0.0,16.0,16.0,0.0,0.0,,2025
78.0,Drew Lock,29.0,SEA,QB,5.0,0.0,,2.0,3.0,66.7,15.0,0.0,0.0,0.0,0.0,1.0,33.3,11.0,5.0,5.0,7.5,3.0,78.5,5.7,0.0,0.0,0.0,5.0,5.0,0.0,0.0,,2025
79.0,Anthony Richardson,23.0,IND,QB,2.0,0.0,,1.0,2.0,50.0,9.0,0.0,0.0,0.0,0.0,1.0,50.0,9.0,4.5,4.5,9.0,4.5,62.5,,0.0,0.0,0.0,4.5,4.5,0.0,0.0,,2025
80.0,Jaylen Waddle,27.0,MIA,WR,16.0,16.0,,1.0,1.0,100.0,8.0,0.0,0.0,0.0,0.0,0.0,,8.0,8.0,8.0,8.0,0.5,100.0,0.1,0.0,0.0,0.0,8.0,8.0,0.0,0.0,,2025
81.0,Breece Hall,24.0,NYJ,RB,16.0,16.0,,1.0,1.0,100.0,4.0,1.0,100.0,0.0,0.0,1.0,100.0,4.0,4.0,24.0,4.0,0.3,122.9,100.0,0.0,0.0,0.0,4.0,24.0,0.0,0.0,,2025
82.0,Austin McNamara,24.0,NYJ,P,17.0,0.0,,1.0,1.0,100.0,3.0,0.0,0.0,0.0,0.0,1.0,100.0,3.0,3.0,3.0,3.0,0.2,79.2,,0.0,0.0,0.0,3.0,3.0,0.0,0.0,,2025
83.0,David Montgomery,28.0,DET,RB,17.0,0.0,,1.0,2.0,50.0,3.0,1.0,50.0,0.0,0.0,1.0,33.3,3.0,1.5,11.5,3.0,0.2,95.8,35.4,1.0,5.0,33.33,-0.67,6.0,0.0,0.0,,2025
84.0,D.J. Moore,28.0,CHI,WR,17.0,17.0,,1.0,1.0,100.0,2.0,1.0,100.0,0.0,0.0,1.0,100.0,2.0,2.0,22.0,2.0,0.1,118.7,,0.0,0.0,0.0,2.0,22.0,0.0,0.0,,2025
85.0,Kyle Allen,29.0,DET,QB,3.0,0.0,,0.0,2.0,0.0,0.0,0.0,0.0,0.0,0.0,0.0,,,0.0,0.0,,0.0,39.6,4.8,0.0,0.0,0.0,0.0,0.0,0.0,0.0,,2025
86.0,Corey Bojorquez,29.0,CLE,P,17.0,0.0,,0.0,1.0,0.0,0.0,0.0,0.0,0.0,0.0,0.0,,,0.0,0.0,,0.0,39.6,0.0,0.0,0.0,0.0,0.0,0.0,0.0,0.0,,2025
87.0,Treylon Burks,25.0,WAS,WR,8.0,3.0,,0.0,0.0,,0.0,0.0,,0.0,,0.0,,,,,,0.0,,0.7,1.0,0.0,100.0,0.0,0.0,0.0,0.0,,2025
88.0,RJ Harvey,24.0,DEN,RB,17.0,7.0,,0.0,1.0,0.0,0.0,0.0,0.0,0.0,0.0,0.0,,,0.0,0.0,,0.0,39.6,59.8,0.0,0.0,0.0,0.0,0.0,0.0,0.0,,2025
89.0,Derrick Henry,31.0,BAL,RB,17.0,17.0,,0.0,1.0,0.0,0.0,0.0,0.0,0.0,0.0,0.0,,,0.0,0.0,,0.0,39.6,7.9,0.0,0.0,0.0,0.0,0.0,0.0,0.0,,2025
90.0,Joshua Karty,23.0,LAR,K,8.0,0.0,,0.0,1.0,0.0,0.0,0.0,0.0,0.0,0.0,0.0,,,0.0,0.0,,0.0,39.6,0.0,0.0,0.0,0.0,0.0,0.0,0.0,0.0,,2025
91.0,Cole Kmet,26.0,CHI,TE,16.0,15.0,,0.0,1.0,0.0,0.0,0.0,0.0,0.0,0.0,0.0,,,0.0,0.0,,0.0,39.6,2.0,0.0,0.0,0.0,0.0,0.0,0.0,0.0,,2025
92.0,Cooper Kupp,32.0,SEA,WR,16.0,15.0,,0.0,1.0,0.0,0.0,0.0,0.0,1.0,100.0,0.0,,,0.0,-45.0,,0.0,0.0,0.0,0.0,0.0,0.0,0.0,-45.0,0.0,0.0,,2025
93.0,Marte Mapu,26.0,NWE,LB,17.0,0.0,,0.0,0.0,,0.0,0.0,,0.0,,0.0,,,,,,0.0,,,1.0,0.0,100.0,0.0,0.0,0.0,0.0,,2025
94.0,Christian McCaffrey,29.0,SFO,RB,17.0,17.0,,0.0,1.0,0.0,0.0,0.0,0.0,0.0,0.0,0.0,,,0.0,0.0,,0.0,39.6,2.7,0.0,0.0,0.0,0.0,0.0,0.0,0.0,"PB,AP-1",2025
95.0,Chris Olave,25.0,NOR,WR,16.0,16.0,,0.0,1.0,0.0,0.0,0.0,0.0,1.0,100.0,0.0,,,0.0,-45.0,,0.0,0.0,0.0,0.0,0.0,0.0,0.0,-45.0,0.0,0.0,AP-2,2025
96.0,Brett Rypien,29.0,CIN,QB,1.0,0.0,,0.0,0.0,,0.0,0.0,,0.0,,0.0,,,,,,0.0,,0.0,1.0,2.0,100.0,-2.0,-2.0,0.0,0.0,,2025
97.0,Courtland Sutton,30.0,DEN,WR,17.0,16.0,,0.0,0.0,,0.0,0.0,,0.0,,0.0,,,,,,0.0,,0.0,1.0,5.0,100.0,-5.0,-5.0,0.0,0.0,PB,2025
98.0,Tyler Warren,23.0,IND,TE,17.0,12.0,,0.0,1.0,0.0,0.0,0.0,0.0,0.0,0.0,0.0,,,0.0,0.0,,0.0,39.6,0.0,0.0,0.0,0.0,0.0,0.0,0.0,0.0,,2025
99.0,Isaiah Williams,24.0,NYJ,WR,15.0,2.0,,0.0,1.0,0.0,0.0,0.0,0.0,0.0,0.0,0.0,,,0.0,0.0,,0.0,39.6,1.3,0.0,0.0,0.0,0.0,0.0,0.0,0.0,,2025
100.0,Kedon Slovis,24.0,ARI,QB,2.0,0.0,,1.0,2.0,50.0,-2.0,0.0,0.0,0.0,0.0,0.0,,,-1.0,-1.0,-2.0,-1.0,56.2,0.3,0.0,0.0,0.0,-1.0,-1.0,0.0,0.0,,2025
,League Average,,,,,,,,,64.3,,,4.7,,2.2,,45.2,,7.0,6.97,10.9,122.0,91.4,,,,6.87,6.09,6.04,,,,2025
